,user_id,user_id,rating,rating,timestamp,timestamp
,mean,count,mean,count,mean,count
movie_id,,,,,,
1,477.01106194690266,452,3.8783185840707963,452,882805356.3252212,452
2,492.00763358778624,131,3.2061068702290076,131,883417351.7480916,131
3,459.1333333333333,90,3.033333333333333,90,882226890.1,90
4,469.4976076555024,209,3.550239234449761,209,882717532.416268,209
5,439.3720930232558,86,3.302325581395349,86,882588159.9651163,86
6,454.5769230769231,26,3.576923076923077,26,883402567.1153846,26
7,445.3698979591837,392,3.798469387755102,392,882465939.3392857,392
8,454.675799086758,219,3.9954337899543377,219,883249836.7716895,219
9,460.32107023411373,299,3.8963210702341136,299,882642086.1538461,299
10,450.2134831460674,89,3.831460674157303,89,882656262.6292135,89
11,440.76271186440675,236,3.847457627118644,236,883163069.9364407,236
12,448.3820224719101,267,4.385767790262173,267,882901640.9812734,267
13,436.66847826086956,184,3.4184782608695654,184,882542689.0543479,184
14,458.8360655737705,183,3.9672131147540983,183,882930726.9562842,183
15,459.5255972696246,293,3.7781569965870307,293,882330865.5870308,293
16,503.6923076923077,39,3.2051282051282053,39,881998120.4871795,39
17,441.4891304347826,92,3.119565217391304,92,882575546.4021739,92
18,219.2,10,2.8,10,884761793.3,10
19,489.3768115942029,69,3.9565217391304346,69,882674204.942029,69
20,478.9166666666667,72,3.4166666666666665,72,882923978.4166666,72
21,450.82142857142856,84,2.761904761904762,84,882070698.1428572,84
22,471.0,297,4.151515151515151,297,883377142.4006734,297
23,466.2032967032967,182,4.1208791208791204,182,883205952.8076923,182
24,458.47701149425285,174,3.4482758620689653,174,882003893.8045977,174
25,449.901023890785,293,3.4436860068259385,293,882496619.4846417,293
26,472.94520547945206,73,3.452054794520548,73,882852763.2054795,73
27,467.50877192982455,57,3.1052631578947367,57,882571546.2105263,57
28,465.71014492753625,276,3.931159420289855,276,883003790.0108696,276
29,466.859649122807,114,2.6666666666666665,114,883994881.3333334,114
30,483.94594594594594,37,3.945945945945946,37,884779370.5405406,37
31,457.6753246753247,154,3.6298701298701297,154,882962815.4155844,154
32,383.4691358024691,81,3.7901234567901234,81,883678277.7160494,81
33,425.5257731958763,97,3.4536082474226806,97,882670881.6185567,97
34,241.28571428571428,7,2.7142857142857144,7,883405345.7142857,7
35,399.45454545454544,11,2.1818181818181817,11,885010257.0,11
36,402.84615384615387,13,2.1538461538461537,13,884143908.6153846,13
37,301.125,8,2.25,8,883396175.875,8
38,453.975,120,3.0083333333333333,120,883098356.25,120
39,446.7586206896552,87,3.264367816091954,87,882972515.2643678,87
40,404.17543859649123,57,2.8947368421052633,57,882991869.0350877,57
41,413.9189189189189,37,3.081081081081081,37,882802860.5135136,37
42,436.68243243243245,148,3.804054054054054,148,882196552.6824324,148
43,449.5,40,3.0,40,883363280.5,40
44,384.126582278481,79,3.3417721518987342,79,883610753.493671,79
45,478.35,80,4.05,80,884122624.6,80
46,464.3333333333333,27,3.5555555555555554,27,882893009.4444444,27
47,442.6015037593985,133,3.601503759398496,133,882622938.849624,133
48,440.1025641025641,117,4.094017094017094,117,882664804.9316239,117
49,465.0987654320988,81,3.3209876543209877,81,883143214.4197531,81
50,471.3842195540309,583,4.3584905660377355,583,883026125.9828473,583
51,418.1604938271605,81,3.45679012345679,81,883586414.1604939,81
52,461.0659340659341,91,3.769230769230769,91,884416847.0329671,91
53,463.953125,128,2.953125,128,882172287.4921875,128
54,439.9326923076923,104,3.2403846153846154,104,884022996.0480769,104
55,437.51677852348996,149,3.704697986577181,149,882287574.8590604,149
56,453.20558375634516,394,4.060913705583756,394,882893959.5989847,394
57,410.55,40,4.0,40,883258950.45,40
58,455.49142857142857,175,3.645714285714286,175,883062748.6057143,175
59,419.8433734939759,83,4.0602409638554215,83,882933240.3373494,83
60,476.0,64,4.015625,64,883111408.53125,64
61,438.6101694915254,59,3.864406779661017,59,883687214.5423728,59
62,454.61417322834643,127,3.141732283464567,127,883439817.2125984,127
63,471.1951219512195,82,3.097560975609756,82,882217701.3170732,82
64,441.18727915194347,283,4.445229681978798,283,882611947.7985866,283
65,457.8521739130435,115,3.5391304347826087,115,883210922.373913,115
66,458.4382716049383,162,3.549382716049383,162,883173905.4012346,162
67,444.0388349514563,103,3.0485436893203883,103,883111479.3883495,103
68,466.97014925373134,134,3.417910447761194,134,883007396.4029851,134
69,462.47352024922117,321,3.853582554517134,321,882956269.105919,321
70,452.3625498007968,251,3.6613545816733066,251,883386074.4661355,251
71,484.1,220,3.7818181818181817,220,882637687.75,220
72,478.4263565891473,129,3.193798449612403,129,883753594.5348837,129
73,447.0546875,128,3.46875,128,883422457.4765625,128
74,388.2857142857143,7,3.0,7,886799856.5714285,7
75,369.2,5,3.0,5,885399012.8,5
76,468.4259259259259,54,3.4074074074074074,54,883543087.4444444,54
77,422.97350993377484,151,3.2781456953642385,151,883302030.397351,151
78,357.4848484848485,33,2.4545454545454546,33,882992880.9090909,33
79,454.1875,336,4.044642857142857,336,883099817.1309524,336
80,461.4264705882353,68,2.764705882352941,68,883032150.2794118,68
81,440.55454545454546,110,3.5545454545454547,110,883447234.2363636,110
82,475.63984674329504,261,3.7203065134099615,261,883685893.2796935,261
83,472.91477272727275,176,4.0625,176,883480779.0852273,176
84,433.8888888888889,18,3.0,18,882998677.7222222,18
85,488.67241379310343,58,3.0344827586206895,58,882705480.2586207,58
86,452.8466666666667,150,3.94,150,884036265.8266667,150
87,465.3768115942029,138,3.9057971014492754,138,883832222.7536232,138
88,467.2676056338028,213,3.539906103286385,213,883106430.769953,213
89,465.4290909090909,275,4.138181818181818,275,883299866.4545455,275
90,449.4842105263158,95,3.0526315789473686,95,882726313.6526315,95
91,471.6993006993007,143,3.5874125874125875,143,883873109.6153846,143
92,445.5673076923077,104,3.6153846153846154,104,882998649.8076923,104
93,410.875,112,3.7232142857142856,112,882607260.4910715,112
94,453.45985401459853,137,3.0875912408759123,137,883511469.8540146,137
95,495.5570776255708,219,3.8127853881278537,219,882762715.347032,219
96,478.25762711864405,295,4.0067796610169495,295,883315711.3220339,295
97,469.21875,256,3.79296875,256,883129414.1445312,256
98,451.7435897435897,390,4.28974358974359,390,883020565.8333334,390
99,473.23837209302326,172,3.7093023255813953,172,883705134.1918604,172
100,455.68110236220474,508,4.155511811023622,508,882751469.9606299,508
101,474.4109589041096,73,3.26027397260274,73,883180531.9726027,73
102,432.55555555555554,54,3.1296296296296298,54,883313704.2777778,54
103,317.8,15,1.8666666666666667,15,883240240.0666667,15
104,390.6,5,1.4,5,878469541.4,5
105,476.0405405405405,74,2.5675675675675675,74,882082914.0405406,74
106,478.28169014084506,71,2.887323943661972,71,881663164.4788733,71
107,424.04761904761904,42,3.5,42,883326757.1428572,42
108,482.8,65,3.076923076923077,65,881920435.6461538,65
109,446.54615384615386,130,3.4307692307692306,130,882255526.3076923,130
110,461.5806451612903,31,2.5161290322580645,31,881517924.9354838,31
111,476.9485294117647,272,3.485294117647059,272,882458052.0147059,272
112,495.1,20,2.45,20,883199255.9,20
113,512.2222222222222,9,4.111111111111111,9,884578045.8888888,9
114,430.2238805970149,67,4.447761194029851,67,883695173.3134328,67
115,353.1333333333333,15,3.7333333333333334,15,882319114.8,15
116,446.576,125,3.824,125,882827975.656,125
117,480.02645502645504,378,3.693121693121693,378,882562649.0555556,378
118,479.55631399317406,293,3.2150170648464163,293,882292262.1672355,293
119,377.75,4,4.5,4,886323100.5,4
120,438.35820895522386,67,2.2388059701492535,67,883108328.8507463,67
121,467.3006993006993,429,3.438228438228438,429,882668766.7972028,429
122,473.1320754716981,106,2.339622641509434,106,882672687.6981132,106
123,432.0695652173913,115,3.234782608695652,115,881348404.3130435,115
124,447.2192513368984,187,4.053475935828877,187,882591530.3475935,187
125,471.0614754098361,244,3.557377049180328,244,882582122.2377049,244
126,444.5360824742268,97,3.804123711340206,97,883090009.0618557,97
127,475.9273607748184,413,4.283292978208232,413,883220196.7215496,413
128,504.44615384615383,65,3.5384615384615383,65,881332428.3692307,65
129,466.3178294573643,129,3.8217054263565893,129,882238588.6511627,129
130,468.6521739130435,23,2.260869565217391,23,883208654.7391304,23
131,464.86315789473684,95,3.7263157894736842,95,884570535.2421052,95
132,461.4186991869919,246,4.0772357723577235,246,883185003.9146341,246
133,456.34502923976606,171,3.871345029239766,171,883395826.7192982,171
134,466.85353535353534,198,4.292929292929293,198,883315037.8282828,198
135,460.96525096525096,259,3.969111969111969,259,882832534.6911197,259
136,462.20952380952383,105,4.123809523809523,105,883777636.5714285,105
137,441.5204678362573,171,3.9005847953216373,171,882843425.0584795,171
138,389.94736842105266,19,2.5789473684210527,19,882352816.5789474,19
139,438.28,50,2.78,50,884417423.6,50
140,500.8196721311475,61,3.2131147540983607,61,882705166.6393442,61
141,476.125,72,3.5,72,883008916.625,72
142,479.64912280701753,57,3.0701754385964914,57,883553637.0350877,57
143,460.1306306306306,222,3.765765765765766,222,883091620.1441442,222
144,467.917695473251,243,3.8724279835390947,243,882899261.5390947,243
145,455.7230769230769,65,2.4461538461538463,65,883217391.6923077,65
146,408.3,10,2.5,10,881303289.6,10
147,462.2810810810811,185,3.4702702702702704,185,882515359.6162162,185
148,458.2890625,128,3.203125,128,882992796.296875,128
149,394.1304347826087,23,3.0,23,883887848.9565217,23
150,450.1019108280255,157,3.828025477707006,157,882928872.8025478,157
151,470.96625766871165,326,3.6319018404907975,326,882517968.4233129,326
152,438.9268292682927,82,3.6341463414634148,82,883441597.6463414,82
153,458.12145748987854,247,3.785425101214575,247,883109505.3279352,247
154,466.32758620689657,174,3.7471264367816093,174,883292874.2471265,174
155,475.8673469387755,98,3.1020408163265305,98,883258201.4489796,98
156,412.47972972972974,148,3.9864864864864864,148,882511571.2635136,148
157,473.755905511811,127,3.6929133858267718,127,882700958.023622,127
158,427.9166666666667,60,2.6166666666666667,60,881138367.7166667,60
159,494.0990099009901,101,3.227722772277228,101,882282228.980198,101
160,423.1159420289855,69,3.463768115942029,69,882192223.1449275,69
161,468.15909090909093,220,3.481818181818182,220,883042939.9409091,220
162,451.22641509433964,106,3.556603773584906,106,883580354.8584906,106
163,471.45652173913044,92,3.5543478260869565,92,883588351.7826087,92
164,459.2119205298013,151,3.589403973509934,151,882872533.9536424,151
165,483.3125,64,4.109375,64,884565545.4375,64
166,455.2931034482759,58,4.120689655172414,58,885789620.4310344,58
167,452.34328358208955,67,2.955223880597015,67,883416679.2985075,67
168,479.3164556962025,316,4.0664556962025316,316,883081088.1012658,316
169,454.4830508474576,118,4.466101694915254,118,882888831.9491526,118
170,471.8264462809917,121,4.1735537190082646,121,883832426.0991735,121
171,455.9076923076923,65,3.876923076923077,65,883264288.5692308,65
172,479.11989100817436,367,4.204359673024523,367,883341240.2152588,367
173,471.28395061728395,324,4.172839506172839,324,883049226.1327161,324
174,474.0571428571429,420,4.252380952380952,420,883053737.5690476,420
175,430.0817307692308,208,3.8173076923076925,208,882826755.1923077,208
176,465.35915492957747,284,3.9471830985915495,284,883112341.2676057,284
177,489.57664233576645,137,3.8613138686131387,137,883737286.8467153,137
178,453.552,125,4.344,125,882896265.728,125
179,476.3891402714932,221,3.909502262443439,221,883201513.7556561,221
180,473.6606334841629,221,4.04524886877828,221,882964206.6425339,221
181,474.99013806706114,507,4.007889546351085,507,882738394.0433925,507
182,450.7433628318584,226,3.9513274336283186,226,883692961.6637168,226
183,475.98625429553266,291,4.034364261168385,291,883438381.5910653,291
184,480.5603448275862,116,3.4310344827586206,116,883159667.9396552,116
185,453.4225941422594,239,4.100418410041841,239,883122430.3012552,239
186,461.47410358565736,251,3.8366533864541834,251,883315673.8884462,251
187,479.20095693779905,209,4.186602870813397,209,883797888.1483253,209
188,478.84705882352944,170,3.6823529411764704,170,883399751.6882353,170
189,429.6060606060606,66,4.106060606060606,66,882624804.3787879,66
190,457.81451612903226,124,4.137096774193548,124,884537091.0080645,124
191,458.5217391304348,276,4.163043478260869,276,883095854.615942,276
192,476.17241379310343,116,4.120689655172414,116,883645397.8706896,116
193,477.62420382165607,157,3.917197452229299,157,883557365.8471338,157
194,449.94190871369295,241,4.058091286307054,241,883176555.5228215,241
195,470.98006644518273,301,3.9335548172757475,301,883100310.5880399,301
196,466.8486055776892,251,3.9163346613545817,251,883584382.0398406,251
197,466.43933054393307,239,4.104602510460251,239,883566496.1380754,239
198,466.1023622047244,127,4.0078740157480315,127,883946158.1574804,127
199,448.44242424242424,165,4.175757575757576,165,883676515.1636363,165
200,466.43203883495147,206,3.825242718446602,206,882813855.9320388,206
201,418.30337078651684,89,3.5168539325842696,89,882253537.5393258,89
202,471.9892857142857,280,3.7642857142857142,280,883014942.1178571,280
203,450.5769230769231,182,3.868131868131868,182,883425830.8571428,182
204,470.80857142857144,350,3.834285714285714,350,883009211.2628572,350
205,491.72058823529414,136,3.9926470588235294,136,883812956.875,136
206,518.3,50,3.38,50,883122277.06,50
207,478.530303030303,66,3.8181818181818183,66,884182104.3787879,66
208,452.55,200,3.945,200,883470153.67,200
209,451.8586387434555,191,3.905759162303665,191,883006694.2198952,191
210,468.72809667673715,331,3.930513595166163,331,883660469.7280967,331
211,447.08252427184465,206,3.912621359223301,206,883450517.9854369,206
212,461.75,92,3.4565217391304346,92,884038931.2717391,92
213,462.7089552238806,134,3.985074626865672,134,883966399.9328358,134
214,481.42105263157896,114,3.3508771929824563,114,882711207.5087719,114
215,453.3207547169811,212,3.69811320754717,212,883260132.6603774,212
216,462.7344827586207,290,3.910344827586207,290,883576418.7172414,290
217,473.60833333333335,120,3.158333333333333,120,882966545.3666667,120
218,452.3567251461988,171,3.456140350877193,171,882832137.6315789,171
219,460.81081081081084,111,3.171171171171171,111,883441014.0,111
220,469.8030303030303,66,3.3636363636363638,66,881869973.560606,66
221,402.5,74,3.72972972972973,74,883187744.445946,74
222,468.0082191780822,365,3.66027397260274,365,882695480.2027397,365
223,430.24264705882354,136,4.198529411764706,136,883008509.4117647,136
224,443.3863636363636,44,3.7045454545454546,44,883050012.5454545,44
225,450.3302752293578,109,2.908256880733945,109,882928070.9816514,109
226,466.95180722891564,166,3.355421686746988,166,883649311.4759036,166
227,463.29813664596276,161,3.279503105590062,161,883002747.658385,161
228,476.6844262295082,244,3.8155737704918034,244,882909878.5737705,244
229,460.72514619883043,171,3.111111111111111,171,883348167.1929824,171
230,461.54773869346735,199,3.4472361809045227,199,883045522.442211,199
231,465.3521126760563,142,2.683098591549296,142,882938439.0211267,142
232,456.16831683168317,101,3.207920792079208,101,883596275.4752475,101
233,467.3306451612903,124,3.2903225806451615,124,882755235.3145162,124
234,460.9535714285714,280,3.775,280,882977744.4178572,280
235,454.12442396313367,217,2.847926267281106,217,882773222.3824885,217
236,442.2,45,3.6222222222222222,45,882400087.0444444,45
237,472.03125,384,3.7109375,384,882576345.5,384
238,456.265625,256,3.875,256,883058756.4375,256
239,474.88,150,3.513333333333333,150,883101204.8466667,150
240,470.03846153846155,156,2.7884615384615383,156,882046324.0192307,156
241,417.328125,128,3.546875,128,883831033.5859375,128
242,424.5213675213675,117,3.9914529914529915,117,883525065.1452992,117
243,463.780303030303,132,2.4393939393939394,132,883934371.75,132
244,450.9583333333333,48,3.1666666666666665,48,882304563.0416666,48
245,465.9916666666667,240,3.1083333333333334,240,884136749.35,240
246,439.9516129032258,124,3.935483870967742,124,883182495.4354838,124
247,283.4,5,1.8,5,883764459.8,5
248,461.45,160,3.675,160,883492822.6375,160
249,451.03076923076924,130,3.246153846153846,130,883201150.7384615,130
250,475.48223350253807,197,3.4771573604060912,197,882874719.0659899,197
251,395.2608695652174,46,4.260869565217392,46,883755202.6521739,46
252,480.96835443037975,158,2.9430379746835444,158,882479349.7341772,158
253,527.4615384615385,26,3.6923076923076925,26,881173003.1153846,26
254,536.8387096774194,62,2.4516129032258065,62,882757629.2741935,62
255,480.4011627906977,172,3.36046511627907,172,883617082.9186046,172
256,510.75,16,3.5625,16,883586997.75,16
257,474.2838283828383,303,3.745874587458746,303,882714457.8448845,303
258,461.69941060903733,509,3.8035363457760316,509,884072959.0117878,509
259,460.82716049382714,162,2.685185185185185,162,884678595.9197531,162
260,462.20472440944883,127,2.574803149606299,127,884268201.2677165,127
261,458.86046511627904,43,2.558139534883721,43,882609625.1627907,43
262,431.969696969697,66,3.712121212121212,66,883686956.2575758,66
263,457.36842105263156,19,2.1578947368421053,19,880912341.1578947,19
264,481.980198019802,101,2.742574257425743,101,883073382.049505,101
265,458.52863436123346,227,3.8634361233480177,227,883881302.0264317,227
266,468.77142857142854,35,2.7142857142857144,35,883007763.4285715,35
267,311.8888888888889,9,3.4444444444444446,9,875637907.4444444,9
268,452.0862745098039,255,3.792156862745098,255,884371114.1960784,255
269,449.0285714285714,315,3.926984126984127,315,885251561.847619,315
270,483.6764705882353,136,3.5955882352941178,136,885417082.6617647,136
271,489.4691943127962,211,3.2322274881516586,211,885570658.535545,211
272,471.9040404040404,198,4.262626262626263,198,888971095.2171717,198
273,472.0224215246637,223,3.569506726457399,223,882219781.3946189,223
274,470.9789473684211,190,3.5,190,882804407.3578948,190
275,481.8320895522388,268,4.0111940298507465,268,882833799.761194,268
276,439.2953020134228,298,3.697986577181208,298,882863359.5738255,298
277,438.3380281690141,71,3.464788732394366,71,882013332.5211267,71
278,467.46666666666664,60,3.2333333333333334,60,881743584.45,60
279,460.5,28,3.2857142857142856,28,883151877.9285715,28
280,463.15294117647056,85,3.1882352941176473,85,882809198.4,85
281,476.56849315068496,146,3.143835616438356,146,883242770.5136986,146
282,475.5603448275862,232,3.685344827586207,232,882850352.1551725,232
283,477.23728813559325,177,3.7175141242937855,177,883213822.7909604,177
284,477.3523316062176,193,3.160621761658031,193,882477299.7253886,193
285,454.78395061728395,162,4.265432098765432,162,883240147.1851852,162
286,468.3825363825364,481,3.656964656964657,481,883720064.1039501,481
287,480.1794871794872,78,3.58974358974359,78,883162944.2051282,78
288,469.10878661087867,478,3.4414225941422596,478,883747573.2740586,478
289,495.6100386100386,259,2.9806949806949805,259,883244837.7142857,259
290,447.28125,96,3.1145833333333335,96,883273121.3125,96
291,473.81889763779526,127,3.37007874015748,127,883403671.511811,127
292,499.56140350877195,114,3.6666666666666665,114,884356000.7192982,114
293,478.74149659863946,147,3.802721088435374,147,882256712.2993197,147
294,471.680412371134,485,3.156701030927835,485,883412504.2185566,485
295,476.38961038961037,77,3.4025974025974026,77,883162655.6233766,77
296,507.8333333333333,6,3.3333333333333335,6,884384793.6666666,6
297,475.36,50,3.96,50,884144796.24,50
298,461.1082474226804,194,3.768041237113402,194,883185548.185567,194
299,478.1917808219178,73,2.9315068493150687,73,884394977.849315,73
300,485.3016241299304,431,3.6310904872389793,431,884655315.199536,431
301,463.67826086956524,230,3.3043478260869565,230,884249614.5956522,230
302,469.3771043771044,297,4.161616161616162,297,884903923.979798,297
303,450.15671641791045,134,3.6865671641791047,134,885132643.1865672,134
304,482.8523489932886,149,3.5369127516778525,149,884341383.9395974,149
305,483.8390804597701,87,3.6436781609195403,87,885421632.6896552,87
306,446.9166666666667,96,3.9479166666666665,96,883929767.5416666,96
307,492.57978723404256,188,3.515957446808511,188,885972041.9840425,188
308,395.46666666666664,30,2.966666666666667,30,885991449.9333333,30
309,427.64285714285717,28,2.857142857142857,28,885191496.9285715,28
310,493.77241379310345,145,3.6,145,886669798.7793103,145
311,474.9066666666667,75,3.68,75,887262769.32,75
312,502.2,80,3.1625,80,887677510.975,80
313,471.3342857142857,350,4.2457142857142856,350,888179075.3457143,350
314,273.4,5,1.0,5,886924739.6,5
315,476.6125,160,4.1,160,888778732.475,160
316,468.82142857142856,112,4.196428571428571,112,890635377.6428572,112
317,445.2450980392157,102,3.911764705882353,102,883621975.3431373,102
318,469.7147651006711,298,4.466442953020135,298,883404999.9597316,298
319,443.625,168,3.2738095238095237,168,884061234.4464285,168
320,423.5,20,4.05,20,883547909.3,20
321,450.5443786982249,169,3.1301775147928996,169,883747384.3431953,169
322,469.86238532110093,218,3.0871559633027523,218,883973081.8669724,218
323,468.82916666666665,240,2.933333333333333,240,884070951.0833334,240
324,443.368,125,3.136,125,883312002.648,125
325,443.171875,128,2.546875,128,883110929.0234375,128
326,480.36571428571426,175,3.36,175,884980034.8971429,175
327,470.84,175,3.3771428571428572,175,883627233.6571429,175
328,477.3762711864407,295,3.4237288135593222,295,884529899.0067797,295
329,413.26666666666665,45,3.3333333333333335,45,886220083.7111111,45
330,517.0975609756098,41,3.024390243902439,41,885008437.2439024,41
331,494.42477876106193,113,3.5398230088495577,113,885021506.8495575,113
332,473.5034965034965,143,3.4615384615384617,143,883645531.5104895,143
333,473.82868525896413,251,3.593625498007968,251,885159119.5099602,251
334,462.140625,64,3.359375,64,883842379.046875,64
335,444.2857142857143,21,2.761904761904762,21,883208439.2380953,21
336,472.69767441860466,43,2.627906976744186,43,884016067.9069767,43
337,418.8888888888889,18,3.0,18,884061351.3888888,18
338,431.61538461538464,91,2.659340659340659,91,885611522.8681319,91
339,465.468085106383,47,3.25531914893617,47,887432543.9574468,47
340,456.4391534391534,189,3.5873015873015874,189,885846356.3333334,189
341,300.6363636363636,11,3.090909090909091,11,885696559.0909091,11
342,488.9807692307692,52,2.923076923076923,52,888159811.3653846,52
343,476.5,124,3.096774193548387,124,886124934.6612903,124
344,540.6727272727272,55,3.6545454545454548,55,890211006.1090909,55
345,473.5692307692308,65,3.4,65,888251521.8615384,65
346,473.45238095238096,126,3.642857142857143,126,888066893.6428572,126
347,489.7153284671533,137,3.510948905109489,137,889045261.459854,137
348,460.85185185185185,27,3.2962962962962963,27,888435084.037037,27
349,498.0,31,2.903225806451613,31,888617632.8387097,31
350,461.3658536585366,41,3.1463414634146343,41,888287551.6829268,41
351,456.15,20,2.7,20,888904947.25,20
352,567.3846153846154,26,2.1153846153846154,26,888257425.6153846,26
353,412.57142857142856,14,2.4285714285714284,14,888920465.1428572,14
354,444.75,72,3.486111111111111,72,890370179.6388888,72
355,526.439024390244,41,2.926829268292683,41,890455165.5121951,41
356,440.5979381443299,97,3.381443298969072,97,883721680.0515463,97
357,458.7537878787879,264,4.291666666666667,264,883234884.8901515,264
358,496.0979020979021,143,2.6153846153846154,143,883674550.4545455,143
359,535.9444444444445,18,3.5,18,885099864.0555556,18
360,348.8,10,3.2,10,885041663.0,10
361,508.1,10,3.5,10,887132433.8,10
362,509.2857142857143,28,2.8214285714285716,28,890405971.6785715,28
363,436.97872340425533,47,2.723404255319149,47,882292581.7234043,47
364,386.72972972972974,37,2.675675675675676,37,883050647.4594594,37
365,451.2291666666667,48,3.2083333333333335,48,882538590.125,48
366,430.25531914893617,47,3.3404255319148937,47,883652954.106383,47
367,459.7352941176471,170,3.458823529411765,170,882904430.8058823,170
368,381.6774193548387,31,1.903225806451613,31,883850184.451613,31
369,435.5272727272727,55,2.6363636363636362,55,883551406.7818182,55
370,361.4102564102564,39,2.8205128205128207,39,883167465.4615384,39
371,440.2089552238806,67,3.1641791044776117,67,883696128.0149254,67
372,347.47058823529414,34,3.5294117647058822,34,882957014.7352941,34
373,466.53846153846155,39,2.8974358974358974,39,883620813.4358975,39
374,492.72727272727275,11,2.272727272727273,11,882748027.4545455,11
375,472.4347826086956,23,1.9565217391304348,23,881351398.7391304,23
376,431.875,24,2.8333333333333335,24,882242069.8333334,24
377,421.61538461538464,13,2.1538461538461537,13,881855019.1538461,13
378,471.1089108910891,101,3.722772277227723,101,883234183.2574258,101
379,438.74418604651163,43,2.9767441860465116,43,881504401.1627907,43
380,470.42241379310343,116,3.336206896551724,116,883206680.1810344,116
381,482.47,100,3.55,100,883867661.79,100
382,454.9009009009009,111,3.5945945945945947,111,883329211.6846846,111
383,377.5806451612903,31,2.064516129032258,31,883389886.0,31
384,455.6231884057971,69,2.782608695652174,69,883313485.2028985,69
385,467.625,208,3.5625,208,883351191.9951923,208
386,458.4942528735632,87,2.8160919540229883,87,883986850.2988505,87
387,401.46153846153845,65,3.3846153846153846,65,883956453.3384615,65
388,452.07142857142856,28,2.392857142857143,28,881157541.2857143,28
389,413.0,27,3.4444444444444446,27,884612885.2222222,27
390,297.0,10,3.2,10,881928091.3,10
391,480.7118644067797,59,2.7457627118644066,59,883023193.3898305,59
392,424.47058823529414,68,3.5441176470588234,68,883631966.4264706,68
393,465.9583333333333,192,3.4114583333333335,192,883450102.0260416,192
394,451.0833333333333,12,3.3333333333333335,12,882453966.9166666,12
395,462.4642857142857,56,2.5892857142857144,56,881923854.3392857,56
396,416.01851851851853,54,2.814814814814815,54,883181386.462963,54
397,387.8333333333333,12,2.5833333333333335,12,881660390.25,12
398,501.15384615384613,26,2.076923076923077,26,882767974.0,26
399,516.5056179775281,89,3.303370786516854,89,883919923.4044944,89
400,493.77777777777777,18,2.7222222222222223,18,883316142.5,18
401,440.10526315789474,76,2.8026315789473686,76,883018239.9210526,76
402,460.8411764705882,170,3.4647058823529413,170,883515817.5058824,170
403,462.3482587064677,201,3.427860696517413,201,883519538.358209,201
404,425.55445544554453,101,3.6732673267326734,101,883738400.1485149,101
405,464.4418604651163,344,3.313953488372093,344,882684771.7732558,344
406,442.40816326530614,49,2.4489795918367347,49,882173032.7959183,49
407,392.4418604651163,43,2.511627906976744,43,882424816.7674419,43
408,443.14285714285717,112,4.491071428571429,112,882330430.2410715,112
409,432.57142857142856,70,3.142857142857143,70,883124991.7714286,70
410,463.08024691358025,162,3.1296296296296298,162,882394772.7469136,162
411,425.29447852760734,163,2.914110429447853,163,882344663.6319019,163
412,438.68817204301075,93,2.3978494623655915,93,881716232.2473118,93
413,381.56363636363636,55,2.6363636363636362,55,883050011.6363636,55
414,453.9193548387097,62,3.532258064516129,62,884097224.6612903,62
415,434.96,25,2.84,25,884278691.64,25
416,457.015625,64,3.484375,64,883385877.390625,64
417,479.958904109589,73,3.095890410958904,73,883008214.1369863,73
418,454.5503875968992,129,3.5813953488372094,129,882333623.503876,129
419,500.7134831460674,178,3.7247191011235956,178,883752528.6573033,178
420,476.4074074074074,81,3.6666666666666665,81,883582476.4567901,81
421,462.79245283018867,106,3.5943396226415096,106,883257992.7924528,106
422,560.3076923076923,26,2.8461538461538463,26,884347796.6538461,26
423,462.09,300,3.8333333333333335,300,883061169.0433333,300
424,402.3157894736842,19,1.3157894736842106,19,881629986.3157895,19
425,430.5882352941176,85,3.7411764705882353,85,882686973.2,85
426,531.8125,32,2.84375,32,881922141.5,32
427,488.2328767123288,219,4.292237442922374,219,883586457.9680365,219
428,467.11570247933884,121,3.8181818181818183,121,883786330.2561984,121
429,478.07216494845363,97,3.9381443298969074,97,883626087.4536083,97
430,440.35483870967744,93,4.0,93,883689675.2688172,93
431,483.1045751633987,153,3.5359477124183005,153,883946081.627451,153
432,474.48850574712645,174,3.7701149425287355,174,882875472.6321839,174
433,428.0233918128655,171,3.690058479532164,171,883399632.8596492,171
434,490.8358208955224,67,3.8358208955223883,67,884216490.5970149,67
435,452.4583333333333,216,3.949074074074074,216,883834620.7731482,216
436,479.73737373737373,99,3.5353535353535355,99,883033573.2828283,99
437,244.0,5,1.0,5,882932446.0,5
438,236.83333333333334,6,1.1666666666666667,6,883129508.6666666,6
439,244.0,5,1.0,5,882932418.6,5
440,417.64285714285717,14,1.6428571428571428,14,883107245.9285715,14
441,472.64150943396226,53,2.5660377358490565,53,883478608.4716982,53
442,299.75,4,1.25,4,887093204.5,4
443,449.04938271604937,162,3.808641975308642,162,883679307.9382716,162
444,491.7608695652174,46,2.717391304347826,46,883348011.173913,46
445,358.09090909090907,22,3.5,22,883867505.0,22
446,319.0,9,2.4444444444444446,9,882604828.5555556,9
447,462.0165289256198,121,3.5041322314049586,121,883327256.016529,121
448,431.81176470588235,85,3.388235294117647,85,883604088.7294117,85
449,451.34188034188037,117,3.034188034188034,117,883136477.0085471,117
450,395.87301587301585,63,2.3968253968253967,63,883396603.6666666,63
451,467.82941176470587,170,3.347058823529412,170,883850499.382353,170
452,438.40909090909093,66,2.6666666666666665,66,882563677.3030303,66
453,356.375,16,1.9375,16,881663652.25,16
454,343.0,16,2.875,16,883641463.3125,16
455,473.951724137931,145,3.2551724137931033,145,881767563.6827586,145
456,436.3958333333333,48,2.3125,48,881387105.5,48
457,428.4074074074074,27,1.7407407407407407,27,882995895.8888888,27
458,447.4555555555556,90,3.1222222222222222,90,882107973.6,90
459,483.9166666666667,24,3.75,24,884405715.9583334,24
460,396.42857142857144,28,3.0,28,882045348.0357143,28
461,457.36486486486484,74,3.6216216216216215,74,882760289.445946,74
462,453.36486486486484,148,3.804054054054054,148,883201328.9527028,148
463,413.88732394366195,71,3.859154929577465,71,883564241.3521127,71
464,347.51851851851853,27,3.5925925925925926,27,885049596.1851852,27
465,467.3529411764706,85,3.5647058823529414,85,884156439.8235294,85
466,396.84615384615387,52,3.5961538461538463,52,882686262.4423077,52
467,500.9791666666667,48,3.7916666666666665,48,882848898.6666666,48
468,462.09375,64,3.3125,64,884178572.78125,64
469,408.46268656716416,67,3.7761194029850746,67,883218068.9701493,67
470,471.35185185185185,108,3.6666666666666665,108,882776966.925926,108
471,480.42986425339365,221,3.6108597285067874,221,882545564.0678734,221
472,464.43037974683546,158,3.0822784810126582,158,882693072.1962025,158
473,460.73015873015873,126,3.126984126984127,126,882431328.4603175,126
474,459.9587628865979,194,4.252577319587629,194,883347499.2216495,194
475,454.32,250,3.884,250,881908585.128,250
476,470.94375,160,3.01875,160,882829293.91875,160
477,454.8421052631579,95,3.210526315789474,95,882789594.9684211,95
478,464.3557692307692,104,4.115384615384615,104,883892049.2115384,104
479,462.1564245810056,179,4.251396648044692,179,883361784.3798883,179
480,464.8212290502793,179,4.284916201117318,179,883323239.3575419,179
481,507.6507936507937,63,3.9365079365079363,63,884163902.5555556,63
482,448.34375,128,3.984375,128,883821618.203125,128
483,471.8312757201646,243,4.45679012345679,243,883474451.3580247,243
484,478.69565217391306,138,4.2101449275362315,138,883945316.115942,138
485,461.704,125,3.816,125,884452935.76,125
486,409.859375,64,3.796875,64,885147640.28125,64
487,471.0882352941176,68,4.102941176470588,68,886015663.3529412,68
488,452.7076923076923,65,4.2,65,884390055.5538461,65
489,467.5769230769231,52,4.115384615384615,52,884286739.4423077,52
490,471.76,50,4.02,50,884354384.08,50
491,419.64179104477614,67,3.791044776119403,67,884002146.8507463,67
492,438.10169491525426,59,3.864406779661017,59,884388088.0,59
493,438.06666666666666,60,4.15,60,884985102.8,60
494,473.2142857142857,56,4.0,56,884403952.1964285,56
495,473.59322033898303,59,3.6610169491525424,59,884531159.661017,59
496,479.5541125541126,231,4.121212121212121,231,883407553.0346321,231
497,488.9264705882353,68,3.838235294117647,68,883853060.8088236,68
498,460.3421052631579,152,4.184210526315789,152,883550498.6315789,152
499,452.741935483871,62,3.9516129032258065,62,884344771.3387097,62
500,428.6774193548387,31,3.903225806451613,31,885449945.2580645,31
501,458.6585365853659,123,3.4959349593495936,123,883807934.6341463,123
502,375.70175438596493,57,3.7017543859649122,57,883837914.5263158,57
503,436.94871794871796,39,3.641025641025641,39,884929398.2564102,39
504,447.9918032786885,122,3.819672131147541,122,883462249.1885246,122
505,445.9117647058824,68,4.0,68,885924227.8529412,68
506,476.65555555555557,90,3.8555555555555556,90,884542836.2,90
507,441.3673469387755,98,3.816326530612245,98,884311592.8571428,98
508,434.09302325581393,215,3.5953488372093023,215,883081760.7860465,215
509,474.1818181818182,121,3.8512396694214877,121,883993586.2479339,121
510,462.0330578512397,121,3.9421487603305785,121,883986142.7438016,121
511,457.15606936416185,173,4.23121387283237,173,883574510.2427746,173
512,479.859649122807,57,4.0,57,885711524.3333334,57
513,412.55555555555554,72,4.333333333333333,72,884452654.375,72
514,444.15555555555557,180,3.911111111111111,180,883739826.4111111,180
515,479.12935323383084,201,4.203980099502488,201,883378991.0049751,201
516,424.95238095238096,63,3.9682539682539684,63,885784170.2857143,63
517,455.42857142857144,91,3.769230769230769,91,884724072.9010988,91
518,410.17977528089887,89,3.651685393258427,89,883623113.258427,89
519,451.3,80,4.1,80,884127566.0125,80
520,488.4596774193548,124,4.104838709677419,124,884184987.0403225,124
521,471.19166666666666,120,3.8333333333333335,120,883841690.5833334,120
522,431.51428571428573,35,3.7714285714285714,35,883481831.2285714,35
523,474.8963414634146,164,3.9939024390243905,164,883599636.9329268,164
524,445.4130434782609,46,4.021739130434782,46,883868281.1304348,46
525,432.8493150684931,73,4.027397260273973,73,884930668.6164384,73
526,487.258064516129,124,3.8306451612903225,124,884503696.483871,124
527,456.9384615384615,195,4.02051282051282,195,883457643.8717948,195
528,456.87603305785126,121,4.132231404958677,121,883594545.9008265,121
529,462.01075268817203,93,3.978494623655914,93,883797777.8172044,93
530,443.4625,80,4.025,80,884187082.1375,80
531,447.27131782945736,129,3.9224806201550386,129,883107071.9767442,129
532,446.8181818181818,22,3.3181818181818183,22,883134902.2272727,22
533,574.0666666666667,15,3.6666666666666665,15,884830337.7333333,15
534,451.15384615384613,13,3.3076923076923075,13,884208854.1538461,13
535,540.2407407407408,54,3.1666666666666665,54,882436268.7592592,54
536,499.1,10,3.3,10,882845040.2,10
537,420.6333333333333,30,3.6333333333333333,30,886639805.9666667,30
538,474.07575757575756,66,3.4242424242424243,66,886127757.9242424,66
539,424.59090909090907,44,2.477272727272727,44,887626461.6590909,44
540,425.8139534883721,43,2.511627906976744,43,881950296.8372093,43
541,490.42857142857144,49,2.877551020408163,49,883537959.5510204,49
542,495.0980392156863,51,2.5294117647058822,51,883436594.7058823,51
543,397.8095238095238,21,3.619047619047619,21,886515426.6666666,21
544,447.943661971831,71,3.1549295774647885,71,882493713.084507,71
545,424.3333333333333,12,1.8333333333333333,12,882016383.3333334,12
546,448.87401574803147,254,3.031496062992126,254,882545369.7125984,254
547,452.4878048780488,41,3.341463414634146,41,882143773.3414634,41
548,429.3333333333333,12,2.1666666666666665,12,885917742.9166666,12
549,483.44565217391306,92,3.5652173913043477,92,883733337.0652174,92
550,487.52317880794703,151,3.2847682119205297,151,884116428.8807946,151
551,362.25,24,2.4166666666666665,24,882113773.2916666,24
552,428.4,45,2.8666666666666667,45,883484613.2222222,45
553,459.015873015873,63,3.2857142857142856,63,883703618.2063493,63
554,461.5980392156863,102,2.803921568627451,102,882936786.1862745,102
555,377.3,10,2.0,10,884910591.0,10
556,456.9166666666667,12,2.5,12,884750697.0833334,12
557,496.6470588235294,17,3.1176470588235294,17,887263070.3529412,17
558,448.8857142857143,70,3.6714285714285713,70,882668310.8714286,70
559,461.4014598540146,137,3.1824817518248176,137,883534184.0729927,137
560,584.0,22,2.727272727272727,22,883057324.8636364,22
561,462.5762711864407,59,3.0677966101694913,59,883383595.2033899,59
562,483.2083333333333,48,3.2083333333333335,48,884307643.9166666,48
563,468.13793103448273,29,2.413793103448276,29,881990959.3103448,29
564,374.48148148148147,27,2.037037037037037,27,881695393.2592592,27
565,430.8181818181818,22,2.6818181818181817,22,883708102.5454545,22
566,482.9608938547486,179,3.569832402234637,179,883363749.273743,179
567,466.9714285714286,35,2.8,35,882613537.9714285,35
568,468.9304347826087,230,3.6478260869565218,230,883602665.4608696,230
569,453.8805970149254,67,2.701492537313433,67,883587318.8358209,67
570,506.86,50,3.1,50,885011856.02,50
571,442.7857142857143,28,2.5,28,883831592.0357143,28
572,407.62068965517244,29,2.7586206896551726,29,884304820.8965517,29
573,441.27272727272725,33,2.9393939393939394,33,884705710.030303,33
574,379.0,15,2.2,15,880925516.2666667,15
575,438.59090909090907,44,2.5454545454545454,44,882928051.7045455,44
576,494.64516129032256,93,3.021505376344086,93,883423451.8064516,93
577,421.5121951219512,41,2.2195121951219514,41,883571906.8292683,41
578,506.10869565217394,92,3.152173913043478,92,883910223.4891304,92
579,521.1578947368421,19,2.6315789473684212,19,883278064.4736842,19
580,413.15625,32,3.375,32,883179308.0625,32
581,481.0,59,3.2203389830508473,59,882855960.6779661,59
582,463.32142857142856,168,3.6011904761904763,168,883381642.0119047,168
583,389.7837837837838,37,3.0,37,883277034.1351352,37
584,511.54430379746833,79,3.5443037974683542,79,884049837.1518987,79
585,495.3076923076923,39,2.4871794871794872,39,884336223.051282,39
586,438.79411764705884,34,2.676470588235294,34,885513867.9117647,34
587,401.92857142857144,14,3.5714285714285716,14,885863712.2142857,14
588,471.3217821782178,202,3.792079207920792,202,883427851.5445545,202
589,451.51162790697674,43,4.023255813953488,43,884430920.6744186,43
590,363.77777777777777,18,2.0,18,884176117.4444444,18
591,467.8314606741573,178,3.601123595505618,178,882911371.8483146,178
592,289.22222222222223,9,3.3333333333333335,9,884759119.0,9
593,370.9166666666667,12,3.1666666666666665,12,883611756.3333334,12
594,297.6,5,2.4,5,888003731.2,5
595,444.796875,64,3.09375,64,882402153.1875,64
596,438.6771653543307,127,3.377952755905512,127,882770793.7637795,127
597,466.878640776699,206,3.150485436893204,206,883139813.2669903,206
598,162.0,4,2.25,4,881826444.75,4
599,7.0,1,1.0,1,891353860.0,1
600,469.5,2,3.0,2,891303251.0,2
601,468.5,20,4.0,20,885407935.05,20
602,418.92,50,3.7,50,884533531.3,50
603,468.6507177033493,209,4.3875598086124405,209,883737084.1770335,209
604,459.8395061728395,81,4.012345679012346,81,883789796.1481482,81
605,454.6774193548387,31,3.3548387096774195,31,885448008.0967742,31
606,457.3333333333333,66,4.045454545454546,66,884341640.560606,66
607,480.030303030303,66,3.9696969696969697,66,884815914.2575758,66
608,446.56666666666666,30,3.933333333333333,30,885299493.6666666,30
609,464.01666666666665,60,3.5833333333333335,60,883662374.4,60
610,425.6341463414634,41,3.658536585365854,41,884379206.5121951,41
611,489.425,40,4.1,40,884096929.175,40
612,423.11764705882354,34,3.9411764705882355,34,885241020.7058823,34
613,466.85185185185185,27,4.037037037037037,27,885192150.037037,27
614,430.2549019607843,51,3.7450980392156863,51,884846478.882353,51
615,494.864406779661,59,4.0508474576271185,59,884178471.898305,59
616,481.28125,64,3.421875,64,885354648.328125,64
617,385.22222222222223,18,3.7777777777777777,18,883861256.0555556,18
618,349.8333333333333,18,3.611111111111111,18,887095233.9444444,18
619,440.34375,64,3.171875,64,882718339.28125,64
620,468.69767441860466,43,3.0930232558139537,43,883390551.3720931,43
621,432.3636363636364,11,2.909090909090909,11,883633089.1818181,11
622,445.2564102564103,39,3.358974358974359,39,883694317.8974359,39
623,514.3846153846154,39,2.923076923076923,39,883467407.4102564,39
624,412.8636363636364,22,3.272727272727273,22,883680242.8636364,22
625,499.719512195122,82,3.3292682926829267,82,884009073.7682927,82
626,332.25,4,3.25,4,890826139.5,4
627,468.96,75,3.2266666666666666,75,882835979.1466666,75
628,457.2899408284024,169,3.514792899408284,169,882655127.3431953,169
629,412.2207792207792,77,3.3376623376623376,77,883444987.6233766,77
630,469.48387096774195,31,3.2903225806451615,31,885227064.548387,31
631,455.85714285714283,119,3.6218487394957983,119,883504940.9579831,119
632,460.2068965517241,58,3.896551724137931,58,885032474.2586207,58
633,487.18840579710144,69,4.057971014492754,69,883542145.173913,69
634,378.3333333333333,24,3.75,24,885562642.0833334,24
635,424.6521739130435,23,2.739130434782609,23,883623939.0869565,23
636,479.25274725274727,91,3.241758241758242,91,882924989.6593406,91
637,441.7894736842105,38,3.026315789473684,38,884452614.3157895,38
638,508.77272727272725,44,3.772727272727273,44,885709638.7954545,44
639,483.925,40,3.7,40,886333123.45,40
640,494.8658536585366,82,3.024390243902439,82,884345372.3536586,82
641,411.0,33,4.212121212121212,33,883723203.4545455,33
642,438.19101123595505,89,3.4831460674157304,89,882518929.011236,89
643,421.0,4,3.0,4,888822811.25,4
644,398.85714285714283,35,3.7714285714285714,35,885905421.9142857,35
645,459.81481481481484,27,3.814814814814815,27,883767299.7777778,27
646,503.5,38,3.8684210526315788,38,883242899.8684211,38
647,457.3142857142857,70,4.1,70,884400792.5285715,70
648,502.3880597014925,67,4.029850746268656,67,884874051.4179105,67
649,485.34,50,3.4,50,885187838.7,50
650,470.75,72,3.5416666666666665,72,884539833.5,72
651,453.35087719298247,171,4.076023391812866,171,883419737.3976609,171
652,421.22222222222223,90,3.888888888888889,90,884099226.3555555,90
653,491.0,34,3.911764705882353,34,884345052.2941177,34
654,460.4013605442177,147,4.136054421768708,147,883237939.7755102,147
655,452.2378854625551,227,3.881057268722467,227,883445427.3788546,227
656,451.20454545454544,44,4.0,44,884485522.4545455,44
657,464.618320610687,131,4.259541984732825,131,884331537.0152671,131
658,471.5189873417722,79,3.4177215189873418,79,883429402.949367,79
659,498.9130434782609,115,4.078260869565217,115,884241497.6956521,115
660,458.15686274509807,153,3.764705882352941,153,883658285.0849674,153
661,470.82954545454544,88,4.1022727272727275,88,884261424.4659091,88
662,502.9634146341463,82,3.426829268292683,82,883846402.4390244,82
663,460.4051724137931,116,3.9051724137931036,116,883615909.887931,116
664,493.82608695652175,46,3.5434782608695654,46,885250341.3695652,46
665,441.91,100,2.83,100,883075219.9,100
666,332.8,5,2.4,5,887770292.4,5
667,500.4166666666667,12,2.1666666666666665,12,885008671.5,12
668,246.66666666666666,6,2.1666666666666665,6,883165435.3333334,6
669,342.15384615384613,13,1.6153846153846154,13,881233529.6153846,13
670,425.1666666666667,36,3.0,36,883394732.6666666,36
671,460.8478260869565,46,3.608695652173913,46,883042574.4347826,46
672,438.4769230769231,65,2.723076923076923,65,883585255.5384616,65
673,443.19767441860466,86,3.5232558139534884,86,884382526.4767442,86
674,489.2916666666667,48,2.8958333333333335,48,884299900.4375,48
675,487.0,54,3.5555555555555554,54,885566366.2037038,54
676,482.85714285714283,77,3.3376623376623376,77,883513740.1818181,77
677,7.0,1,3.0,1,891354499.0,1
678,469.6027397260274,219,2.808219178082192,219,884095398.0045662,219
679,467.57943925233644,107,3.046728971962617,107,884258822.5981308,107
680,464.2352941176471,34,2.5588235294117645,34,882731619.4705882,34
681,519.4814814814815,27,2.4444444444444446,27,884701958.1851852,27
682,455.11,100,3.06,100,885388935.49,100
683,435.6734693877551,49,2.4081632653061225,49,885749056.5510204,49
684,444.71597633136093,169,3.7928994082840237,169,883153139.887574,169
685,470.86624203821657,157,3.356687898089172,157,882641312.7133758,157
686,426.6,50,3.68,50,883481467.14,50
687,481.463768115942,69,2.1884057971014492,69,883290002.9565217,69
688,449.9318181818182,44,1.8409090909090908,44,883047294.5454545,44
689,476.6896551724138,87,3.1494252873563218,87,885853706.8505747,87
690,484.23225806451615,155,3.458064516129032,155,885073446.4193548,155
691,482.4375,16,3.5,16,889885956.75,16
692,448.4024390243902,164,3.6280487804878048,164,883061522.7926829,164
693,469.3296703296703,91,3.6483516483516483,91,883857378.4945055,91
694,451.22727272727275,44,4.045454545454546,44,883587971.0681819,44
695,418.7692307692308,13,2.923076923076923,13,883492640.8461539,13
696,515.3164556962025,79,3.1392405063291138,79,882781322.6329114,79
697,477.85,40,3.425,40,881735545.75,40
698,406.8,10,3.0,10,886457075.0,10
699,444.1372549019608,102,3.676470588235294,102,883684023.5882353,102
700,431.2,15,2.6,15,882214115.0666667,15
701,417.3,10,4.0,10,884343832.9,10
702,434.811320754717,53,3.018867924528302,53,882696020.0377358,53
703,420.89473684210526,19,3.5789473684210527,19,884402380.6315789,19
704,412.3333333333333,24,3.0416666666666665,24,881410781.125,24
705,465.1021897810219,137,3.9927007299270074,137,883943817.8175182,137
706,288.5,6,2.6666666666666665,6,882168868.6666666,6
707,456.5857142857143,70,3.9285714285714284,70,883639439.1428572,70
708,475.8811881188119,101,3.4752475247524752,101,883938560.2376238,101
709,488.90384615384613,104,4.028846153846154,104,883483279.2019231,104
710,453.8987341772152,79,3.569620253164557,79,883008992.3417722,79
711,10.0,1,4.0,1,877888812.0,1
712,441.6666666666667,51,3.0784313725490198,51,883010775.0196079,51
713,486.15277777777777,72,3.611111111111111,72,882349548.9166666,72
714,402.15384615384613,13,3.230769230769231,13,884460521.8461539,13
715,431.8045977011494,87,3.2758620689655173,87,883292747.8505747,87
716,415.01724137931035,58,3.1551724137931036,58,882945419.637931,58
717,460.9024390243902,82,2.817073170731707,82,882762518.1585366,82
718,460.0625,16,3.6875,16,882496876.1875,16
719,505.9655172413793,29,2.413793103448276,29,883876368.8275862,29
720,488.06976744186045,86,3.0232558139534884,86,884119026.255814,86
721,476.68518518518516,54,3.4444444444444446,54,883522374.1666666,54
722,455.7931034482759,58,2.9310344827586206,58,883358600.7758621,58
723,434.9117647058824,34,3.1470588235294117,34,884278370.617647,34
724,470.9078947368421,76,3.486842105263158,76,883733100.1184211,76
725,376.5625,16,2.75,16,883521243.25,16
726,497.57142857142856,14,2.4285714285714284,14,884300230.7857143,14
727,433.8253968253968,63,3.4603174603174605,63,882944648.9523809,63
728,462.5111111111111,45,3.022222222222222,45,883515630.7111111,45
729,421.98765432098764,81,3.4814814814814814,81,883099200.6172839,81
730,496.75,24,3.5,24,884695906.5,24
731,429.3076923076923,39,3.1538461538461537,39,883021917.5897436,39
732,488.18333333333334,180,3.65,180,882808268.7444445,180
733,387.46666666666664,15,3.2,15,885686427.2,15
734,487.0740740740741,27,2.5185185185185186,27,882665747.3703704,27
735,440.3941605839416,137,3.854014598540146,137,883222598.6569343,137
736,443.03846153846155,78,3.9358974358974357,78,884475411.2948718,78
737,447.4237288135593,59,2.983050847457627,59,883374767.9661016,59
738,455.93548387096774,31,2.838709677419355,31,883056575.1612903,31
739,481.2560975609756,164,3.323170731707317,164,883478632.0670732,164
740,510.42857142857144,63,3.4761904761904763,63,883360120.0634921,63
741,409.2413793103448,58,3.4482758620689653,58,882506995.5344827,58
742,469.2883895131086,267,3.644194756554307,267,882582431.9438202,267
743,403.7435897435897,39,1.9487179487179487,39,882635728.7948718,39
744,449.0326086956522,92,3.4565217391304346,92,883012110.6521739,92
745,365.1875,16,3.875,16,885223904.75,16
746,475.1344537815126,119,3.6638655462184873,119,883461339.8991597,119
747,447.8529411764706,102,3.4607843137254903,102,883257894.4411764,102
748,491.03164556962025,316,3.1234177215189876,316,883851342.636076,316
749,521.4313725490196,51,3.176470588235294,51,886216920.2745098,51
750,477.1693548387097,124,3.8548387096774195,124,888237611.1129032,124
751,470.2611111111111,180,3.4277777777777776,180,887774977.9388889,180
752,505.61538461538464,39,3.3076923076923075,39,889728014.4358975,39
753,431.3333333333333,24,3.7083333333333335,24,883663768.4583334,24
754,473.8070175438597,57,3.3859649122807016,57,884638738.1052631,57
755,526.2708333333334,96,3.3125,96,883443187.9166666,96
756,485.2734375,128,2.8984375,128,881760493.5,128
757,519.75,4,2.75,4,885822659.5,4
758,311.6666666666667,21,1.7142857142857142,21,882766238.9523809,21
759,407.09090909090907,11,2.1818181818181817,11,881916953.0,11
760,450.54347826086956,46,2.652173913043478,46,883192749.7173913,46
761,439.3181818181818,44,3.0454545454545454,44,882970968.8409091,44
762,469.74782608695654,115,3.391304347826087,115,882145827.547826,115
763,486.1275167785235,149,3.389261744966443,149,882258918.4966443,149
764,408.3448275862069,29,2.7586206896551726,29,881420012.5862069,29
765,449.1875,32,2.8125,32,884058423.875,32
766,406.3333333333333,9,3.111111111111111,9,884064886.8888888,9
767,374.6363636363636,11,2.1818181818181817,11,881283779.0,11
768,488.03846153846155,52,3.076923076923077,52,884285321.6346154,52
769,451.35714285714283,42,2.4523809523809526,42,883101077.4047619,42
770,414.9298245614035,57,3.3859649122807016,57,883095927.2982457,57
771,476.8048780487805,41,2.6341463414634148,41,883180937.3170732,41
772,436.6734693877551,49,3.061224489795918,49,880904058.3877552,49
773,352.0,17,2.9411764705882355,17,882921998.6470588,17
774,392.84375,32,2.9375,32,883530946.96875,32
775,458.15384615384613,26,2.769230769230769,26,884622854.6153846,26
776,559.1111111111111,9,3.2222222222222223,9,884643268.0,9
777,246.75,4,1.25,4,885460404.5,4
778,438.89473684210526,76,3.5526315789473686,76,884168543.8947369,76
779,438.06451612903226,31,2.5483870967741935,31,883944539.9354838,31
780,409.5507246376812,69,3.0,69,882886088.2463768,69
781,479.48809523809524,84,3.3333333333333335,84,883302490.3928572,84
782,426.8,10,2.6,10,884610885.2,10
783,423.1621621621622,37,2.72972972972973,37,882939685.6216216,37
784,209.0,2,1.0,2,883972679.5,2
785,414.61538461538464,39,3.1538461538461537,39,884103738.2051282,39
786,484.35714285714283,14,2.642857142857143,14,885097783.9285715,14
787,439.61538461538464,13,3.230769230769231,13,882734960.7692307,13
788,447.6666666666667,3,1.6666666666666667,3,884221131.0,3
789,438.0851063829787,47,3.574468085106383,47,882330986.1276596,47
790,440.25757575757575,66,2.909090909090909,66,882783441.7424242,66
791,284.6,10,2.5,10,882631141.8,10
792,417.6744186046512,86,3.7209302325581395,86,883810923.1279069,86
793,506.7,10,3.5,10,883730721.6,10
794,489.2173913043478,46,3.652173913043478,46,883442928.4347826,46
795,549.2380952380952,21,2.4285714285714284,21,882252451.8571428,21
796,471.69444444444446,36,3.0833333333333335,36,882523846.8055556,36
797,469.4516129032258,31,3.096774193548387,31,884268454.7741935,31
798,361.6666666666667,9,2.2222222222222223,9,882165863.2222222,9
799,504.0,5,3.2,5,882120415.8,5
800,346.96153846153845,26,2.8846153846153846,26,880910283.0769231,26
801,514.625,16,2.8125,16,882372867.625,16
802,466.475,40,2.7,40,882842012.45,40
803,385.55555555555554,9,2.5555555555555554,9,881849239.8888888,9
804,352.625,8,2.875,8,882334365.5,8
805,479.3703703703704,27,3.6296296296296298,27,884687359.5185186,27
806,392.1,50,3.46,50,882870589.54,50
807,425.6666666666667,9,2.7777777777777777,9,884188325.0,9
808,434.741935483871,31,2.838709677419355,31,884347810.2580645,31
809,458.74418604651163,43,2.9069767441860463,43,884249205.2325581,43
810,497.46666666666664,45,2.888888888888889,45,883693283.3333334,45
811,454.55555555555554,18,3.9444444444444446,18,884882852.3888888,18
812,431.22222222222223,18,3.111111111111111,18,882854656.0,18
813,388.9642857142857,56,3.892857142857143,56,881916876.6964285,56
814,13.0,1,5.0,1,886302261.0,1
815,481.30357142857144,112,3.232142857142857,112,882982915.9642857,112
816,419.85714285714283,21,2.4285714285714284,21,882517401.5238096,21
817,144.33333333333334,3,2.6666666666666665,3,879952845.3333334,3
818,545.32,25,2.76,25,882523299.56,25
819,523.475,40,2.7,40,880505676.6,40
820,460.8279569892473,93,2.774193548387097,93,882821684.4193548,93
821,457.5,22,3.0454545454545454,22,885020109.1818181,22
822,122.0,4,3.0,4,882907249.25,4
823,408.3170731707317,82,2.8780487804878048,82,882826863.8658537,82
824,462.38775510204084,49,2.7551020408163267,49,881540097.0816326,49
825,483.49397590361446,83,3.036144578313253,83,881898265.5301205,83
826,496.325,80,2.575,80,882091796.85,80
827,437.42105263157896,57,2.7719298245614037,57,883808645.7192982,57
828,460.15384615384613,13,2.6923076923076925,13,879646495.0769231,13
829,387.02941176470586,34,2.6470588235294117,34,883079702.6470588,34
830,13.0,1,1.0,1,882397581.0,1
831,478.6923076923077,91,2.4615384615384617,91,882506549.3076923,91
832,428.3636363636364,22,2.5454545454545454,22,882609756.3181819,22
833,448.53061224489795,49,3.204081632653061,49,882074599.1020408,49
834,430.12,25,2.2,25,882000023.4,25
835,428.3333333333333,15,3.8666666666666667,15,884815912.8,15
836,488.3076923076923,26,3.769230769230769,26,885027207.9230769,26
837,465.12,25,3.92,25,885623475.0,25
838,212.5,4,2.75,4,884708987.75,4
839,429.75,4,2.5,4,878591749.0,4
840,483.0566037735849,53,2.660377358490566,53,883016883.490566,53
841,486.8333333333333,48,2.75,48,882375131.6875,48
842,413.962962962963,27,3.1481481481481484,27,883138462.6666666,27
843,439.06666666666666,30,3.0,30,884327748.4333333,30
844,406.73809523809524,42,3.357142857142857,42,882435565.8571428,42
845,446.6931818181818,176,3.465909090909091,176,883331144.0,176
846,443.70454545454544,44,3.0681818181818183,44,883907520.0227273,44
847,431.2,55,3.727272727272727,55,883391548.4909091,55
848,434.55555555555554,9,3.5555555555555554,9,885316213.7777778,9
849,503.1509433962264,53,2.7169811320754715,53,884404280.6037736,53
850,154.25,4,4.0,4,887620069.75,4
851,219.75,4,3.75,4,882034037.0,4
852,13.0,1,1.0,1,882396869.0,1
853,278.2857142857143,14,3.857142857142857,14,883582587.2857143,14
854,407.75,16,3.375,16,881427766.125,16
855,497.8939393939394,66,3.727272727272727,66,885761966.560606,66
856,414.3611111111111,36,3.8333333333333335,36,885009750.4444444,36
857,13.0,1,3.0,1,881515348.0,1
858,146.33333333333334,3,1.0,3,880965787.0,3
859,371.93333333333334,15,2.6666666666666665,15,883056235.7333333,15
860,464.1875,16,2.25,16,882373244.8125,16
861,417.0,3,2.3333333333333335,3,880970786.0,3
862,444.05555555555554,18,2.111111111111111,18,883637479.7777778,18
863,455.7916666666667,24,3.9166666666666665,24,887459163.6666666,24
864,486.74418604651163,86,3.1627906976744184,86,882143143.1162791,86
865,508.6666666666667,21,3.4761904761904763,21,886128749.4285715,21
866,449.52100840336135,119,3.319327731092437,119,882611344.722689,119
867,418.3333333333333,6,4.0,6,885315365.6666666,6
868,390.6,5,3.8,5,881222814.0,5
869,406.875,24,3.0,24,883591586.5833334,24
870,443.55555555555554,9,2.7777777777777777,9,882313538.4444444,9
871,422.8933333333333,75,2.4,75,884182741.6,75
872,416.6190476190476,42,3.0952380952380953,42,883206215.8809524,42
873,500.4567901234568,81,2.962962962962963,81,884545522.9012346,81
874,419.46153846153845,39,3.2564102564102564,39,883234614.948718,39
875,481.0566037735849,53,2.7358490566037736,53,883253607.9245284,53
876,492.6808510638298,47,2.702127659574468,47,884080630.2553191,47
877,498.09615384615387,52,2.5384615384615383,52,884191078.1538461,52
878,480.6060606060606,33,2.515151515151515,33,882713656.2424242,33
879,479.2867647058824,136,3.2720588235294117,136,883892072.8455882,136
880,461.6949152542373,59,3.169491525423729,59,886698715.2881356,59
881,459.1111111111111,45,2.933333333333333,45,884149189.0888889,45
882,473.29411764705884,34,3.2941176470588234,34,886255955.5294118,34
883,451.0,13,3.230769230769231,13,884253477.3846154,13
884,335.0,7,3.2857142857142856,7,885030836.4285715,7
885,476.6923076923077,13,2.230769230769231,13,886275356.3846154,13
886,486.9056603773585,53,3.0754716981132075,53,885258971.7169812,53
887,532.828125,64,3.609375,64,887317355.703125,64
888,419.6,15,3.466666666666667,15,884929861.4666667,15
889,385.9230769230769,13,3.3846153846153846,13,887453244.2307693,13
890,526.3255813953489,43,1.9534883720930232,43,884901451.8139535,43
891,242.83333333333334,6,2.6666666666666665,6,890717219.3333334,6
892,458.79245283018867,53,2.7547169811320753,53,886788537.264151,53
893,468.2142857142857,14,2.4285714285714284,14,886231298.5714285,14
894,429.05263157894734,19,1.894736842105263,19,887074552.2631578,19
895,468.85849056603774,106,3.2169811320754715,106,887478120.4150944,106
896,485.6136363636364,44,3.772727272727273,44,889118641.2045455,44
897,251.0,2,1.5,2,889200493.5,2
898,501.3103448275862,58,3.2241379310344827,58,887910435.362069,58
899,472.3333333333333,9,3.4444444444444446,9,889287378.4444444,9
900,496.6666666666667,42,3.6904761904761907,42,889277962.1904762,42
901,455.0,12,1.9166666666666667,12,885960879.8333334,12
902,522.4761904761905,42,3.8333333333333335,42,891174150.1428572,42
903,460.27777777777777,18,3.111111111111111,18,888469729.7777778,18
904,488.15,20,3.45,20,888767226.5,20
905,440.25925925925924,27,3.2222222222222223,27,889418844.037037,27
906,437.5238095238095,21,3.1904761904761907,21,889199616.1428572,21
907,442.0,2,2.0,2,886365615.0,2
908,502.65,20,2.5,20,888488315.45,20
909,637.6923076923077,13,3.769230769230769,13,888210848.5384616,13
910,526.25,4,2.0,4,890183160.75,4
911,419.75,4,2.5,4,892578722.0,4
912,529.0,9,3.0,9,892254001.8888888,9
913,334.0,2,2.5,2,891916214.5,2
914,352.8181818181818,11,2.727272727272727,11,892712314.1818181,11
915,470.84615384615387,13,3.923076923076923,13,892598727.0,13
916,416.1111111111111,18,3.1666666666666665,18,892645149.1666666,18
917,365.85714285714283,7,3.4285714285714284,7,892532472.7142857,7
918,387.25,8,3.0,8,892803789.0,8
919,496.3125,96,3.7916666666666665,96,881835139.9479166,96
920,378.4,5,2.2,5,882165081.0,5
921,466.0869565217391,46,3.9782608695652173,46,884483466.9130435,46
922,484.5882352941176,34,3.823529411764706,34,883310721.7647059,34
923,465.5,58,4.155172413793103,58,884786501.8103448,58
924,461.2,85,3.4,85,882469763.0235294,85
925,457.3529411764706,34,3.323529411764706,34,883957139.3235294,34
926,455.4059405940594,101,2.702970297029703,101,882028780.8613862,101
927,366.1666666666667,6,3.1666666666666665,6,885199882.1666666,6
928,522.5480769230769,104,3.1153846153846154,104,882800422.1634616,104
929,455.4,40,2.7,40,882294427.6,40
930,425.475,80,2.7,80,882810611.3875,80
931,417.9824561403509,57,2.1578947368421053,57,883422155.5614035,57
932,488.3,40,2.925,40,882112003.175,40
933,453.42857142857144,21,2.4285714285714284,21,880601576.2857143,21
934,470.3970588235294,68,2.926470588235294,68,882425298.7352941,68
935,510.57142857142856,7,3.2857142857142856,7,884462873.1428572,7
936,494.15625,32,3.9375,32,884692651.3125,32
937,496.5405405405405,37,3.4054054054054053,37,884068973.918919,37
938,484.16,25,2.88,25,883987619.0,25
939,428.2,60,3.6,60,882536422.7333333,60
940,464.5625,32,2.34375,32,881960647.0,32
941,472.82608695652175,46,3.0652173913043477,46,881727984.2608696,46
942,424.3333333333333,45,3.488888888888889,45,884767585.4444444,45
943,443.375,40,3.475,40,881654917.575,40
944,456.2325581395349,43,3.0,43,882221571.5813954,43
945,531.175,40,3.925,40,885196307.425,40
946,434.8688524590164,61,3.1475409836065573,61,882827212.6557378,61
947,456.52941176470586,17,3.235294117647059,17,884328457.3529412,17
948,453.8125,48,2.1666666666666665,48,882906039.375,48
949,506.32394366197184,71,3.3380281690140845,71,882145298.4929577,71
950,429.4,30,2.9,30,882856433.3333334,30
951,446.3333333333333,39,2.8205128205128207,39,883092708.3589743,39
952,436.15555555555557,45,3.1777777777777776,45,882200384.2888889,45
953,420.3636363636364,22,3.3181818181818183,22,883808666.9545455,22
954,378.3636363636364,11,3.5454545454545454,11,885079639.1818181,11
955,470.7959183673469,49,3.4081632653061225,49,883249277.6122448,49
956,441.6304347826087,46,3.608695652173913,46,884701322.4347826,46
957,211.5,2,2.0,2,882840826.0,2
958,508.92857142857144,14,3.7857142857142856,14,885053006.2142857,14
959,471.546875,64,3.46875,64,884134299.1875,64
960,417.12,25,3.24,25,883728457.56,25
961,439.02941176470586,34,3.6176470588235294,34,884353290.1470588,34
962,425.7391304347826,23,3.130434782608696,23,886005860.0434783,23
963,467.609756097561,41,4.2926829268292686,41,882363436.4878049,41
964,402.55555555555554,9,3.3333333333333335,9,885408991.5555556,9
965,423.7142857142857,21,3.6666666666666665,21,883964299.5714285,21
966,424.2307692307692,26,4.1923076923076925,26,885206802.2692307,26
967,484.9166666666667,12,3.1666666666666665,12,884302129.75,12
968,507.8333333333333,18,3.7222222222222223,18,886127151.0,18
969,476.28,75,3.8,75,883854367.4933333,75
970,359.75,8,3.25,8,886737990.625,8
971,500.4117647058824,34,3.676470588235294,34,885114530.7058823,34
972,445.5,28,3.1785714285714284,28,884605470.1428572,28
973,505.75,4,3.5,4,883809501.5,4
974,403.78125,32,3.03125,32,883010553.1875,32
975,442.65909090909093,44,3.159090909090909,44,883022786.0909091,44
976,424.6666666666667,12,1.8333333333333333,12,878319461.0833334,12
977,451.81632653061223,49,2.693877551020408,49,882150221.3061224,49
978,463.1111111111111,27,2.5185185185185186,27,883068509.7037038,27
979,464.1714285714286,35,3.2,35,881909384.0285715,35
980,426.3181818181818,22,3.1818181818181817,22,883269508.8181819,22
981,440.75,8,1.75,8,880166381.875,8
982,405.25,20,2.8,20,881473632.65,20
983,432.6,15,2.4,15,880778584.2666667,15
984,403.29545454545456,44,2.8636363636363638,44,883614769.1590909,44
985,462.95454545454544,22,2.8636363636363638,22,881442318.9090909,22
986,418.7826086956522,23,2.5652173913043477,23,882447980.3913044,23
987,536.0,4,2.5,4,879402644.75,4
988,512.3139534883721,86,2.313953488372093,86,882794354.0,86
989,510.28125,32,2.84375,32,883309340.9375,32
990,419.030303030303,33,3.090909090909091,33,882937425.1818181,33
991,489.76,25,2.24,25,882407762.32,25
992,490.5,4,3.0,4,887140323.0,4
993,464.469696969697,66,3.515151515151515,66,881230523.0454545,66
994,519.5714285714286,7,2.2857142857142856,7,885861331.0,7
995,472.2258064516129,31,3.161290322580645,31,884791971.6774193,31
996,422.64285714285717,14,2.5,14,883401812.0,14
997,334.9375,16,2.125,16,883281005.5625,16
998,432.6875,16,2.5625,16,881556505.1875,16
999,332.7,10,2.8,10,884109635.6,10
1000,361.8,10,3.0,10,881876884.5,10
1001,359.6470588235294,17,2.0,17,882339950.5294118,17
1002,366.5,8,1.875,8,881475589.875,8
1003,409.625,8,2.25,8,885248242.625,8
1004,463.6666666666667,9,3.111111111111111,9,884654618.0,9
1005,493.90909090909093,22,3.6818181818181817,22,886133196.7272727,22
1006,375.60869565217394,23,2.8260869565217392,23,882445065.7391304,23
1007,463.8723404255319,47,4.127659574468085,47,882563326.2340425,47
1008,431.81081081081084,37,3.3783783783783785,37,883060777.2162162,37
1009,516.5625,64,3.375,64,882651422.75,64
1010,417.09090909090907,44,3.25,44,882741907.7954545,44
1011,473.55913978494624,93,3.225806451612903,93,883456876.344086,93
1012,453.59,100,3.53,100,881840133.88,100
1013,441.1842105263158,38,2.289473684210526,38,882684786.2631578,38
1014,499.81632653061223,98,3.061224489795918,98,883666148.6734694,98
1015,504.0,12,2.8333333333333335,12,884985495.75,12
1016,473.51824817518246,137,3.45985401459854,137,883202686.8321168,137
1017,414.88,50,3.24,50,882911768.72,50
1018,481.9375,32,3.1875,32,885303667.71875,32
1019,437.03225806451616,31,3.967741935483871,31,882969766.3548387,31
1020,426.14285714285717,35,3.8857142857142857,35,885945127.2285714,35
1021,484.44736842105266,38,3.8157894736842106,38,885381762.2368422,38
1022,458.875,32,3.4375,32,885607891.21875,32
1023,535.8709677419355,31,2.5806451612903225,31,881725881.7741935,31
1024,518.5333333333333,15,3.6,15,887402246.6666666,15
1025,513.1590909090909,44,2.9318181818181817,44,884323298.6136364,44
1026,347.25,4,2.5,4,879317337.25,4
1027,240.33333333333334,3,2.6666666666666665,3,885895676.0,3
1028,453.6418918918919,148,3.0405405405405403,148,882028909.6554054,148
1029,555.7857142857143,14,2.0,14,882880087.2857143,14
1030,475.65,20,2.25,20,884816569.35,20
1031,548.5714285714286,7,2.2857142857142856,7,882146674.2857143,7
1032,449.9375,16,2.875,16,884608161.1875,16
1033,441.84375,32,2.78125,32,883788307.84375,32
1034,460.1111111111111,27,2.5185185185185186,27,881904400.2222222,27
1035,475.9117647058824,68,3.161764705882353,68,883280972.6764706,68
1036,488.1666666666667,24,2.75,24,884886572.3333334,24
1037,465.375,24,2.0,24,883425275.9166666,24
1038,531.7647058823529,17,2.823529411764706,17,885268906.882353,17
1039,455.7,90,4.011111111111111,90,883616672.2444445,90
1040,474.52,25,2.6,25,882284470.4,25
1041,472.4193548387097,62,3.193548387096774,62,882321732.0967742,62
1042,478.2142857142857,28,3.142857142857143,28,882021080.4285715,28
1043,469.75,8,3.0,8,882622709.0,8
1044,460.65,40,3.225,40,883863990.325,40
1045,466.32,25,3.24,25,885242493.04,25
1046,466.6521739130435,46,3.1739130434782608,46,881526303.4347826,46
1047,479.1865671641791,134,2.8358208955223883,134,881835382.1940298,134
1048,453.36986301369865,73,3.0136986301369864,73,883497367.5342466,73
1049,451.52,25,2.52,25,882502868.72,25
1050,484.51162790697674,43,3.6511627906976742,43,884587378.0465117,43
1051,475.8536585365854,41,3.2439024390243905,41,883612939.6097561,41
1052,356.84,25,2.28,25,884853279.16,25
1053,408.7916666666667,24,3.4583333333333335,24,883072497.5833334,24
1054,470.60869565217394,23,2.3043478260869565,23,880491197.5652174,23
1055,518.3,10,3.2,10,885124846.2,10
1056,356.9,10,3.2,10,886453627.9,10
1057,387.3636363636364,22,2.3181818181818183,22,881109689.4090909,22
1058,394.26666666666665,15,3.2666666666666666,15,884818962.0,15
1059,430.62857142857143,35,2.7714285714285714,35,882641777.2857143,35
1060,456.35897435897436,39,3.051282051282051,39,882278350.5897436,39
1061,581.4137931034483,29,2.9310344827586206,29,884411865.0689656,29
1062,557.0,12,3.75,12,887792291.8333334,12
1063,481.6585365853659,41,3.658536585365854,41,884398936.2439024,41
1064,341.75,4,4.25,4,885649588.5,4
1065,509.9056603773585,53,3.490566037735849,53,884622289.8301886,53
1066,481.75,16,3.0,16,884405033.9375,16
1067,489.25,44,3.4545454545454546,44,882068830.0227273,44
1068,536.9166666666666,12,3.1666666666666665,12,884127663.6666666,12
1069,446.8888888888889,18,3.1666666666666665,18,885215805.5555556,18
1070,474.7037037037037,27,3.740740740740741,27,882493952.1481482,27
1071,478.625,16,2.875,16,883377986.9375,16
1072,461.14285714285717,7,2.4285714285714284,7,885361753.2857143,7
1073,424.6060606060606,66,3.8181818181818183,66,882022672.2575758,66
1074,453.12987012987014,77,2.961038961038961,77,883960315.1948051,77
1075,256.7142857142857,7,3.4285714285714284,7,884894120.0,7
1076,568.3333333333334,12,2.25,12,884819797.1666666,12
1077,388.0,8,3.125,8,881399909.375,8
1078,529.1818181818181,22,2.772727272727273,22,884675234.8181819,22
1079,476.84444444444443,45,2.2444444444444445,45,881935350.0,45
1080,471.5,2,4.0,2,885235620.5,2
1081,315.25,8,2.75,8,884732280.0,8
1082,421.125,8,2.625,8,885092288.375,8
1083,278.6666666666667,6,2.5,6,879782304.5,6
1084,457.5238095238095,21,3.857142857142857,21,882673741.4761904,21
1085,476.27272727272725,11,3.0,11,883074396.6363636,11
1086,450.6190476190476,21,3.2857142857142856,21,882793320.1904762,21
1087,401.3,10,1.7,10,882064244.7,10
1088,450.3076923076923,13,2.230769230769231,13,882655073.9230769,13
1089,458.86842105263156,38,2.1315789473684212,38,882061404.0263158,38
1090,427.9189189189189,37,2.4054054054054053,37,882839106.1621622,37
1091,436.9767441860465,43,2.7209302325581395,43,884235448.6744186,43
1092,454.9166666666667,12,2.5,12,883741164.5833334,12
1093,457.9130434782609,23,3.0869565217391304,23,881859919.9130435,23
1094,363.1666666666667,12,2.4166666666666665,12,879867335.75,12
1095,428.86206896551727,29,2.6206896551724137,29,880821199.3103448,29
1096,394.6666666666667,3,2.6666666666666665,3,886730773.6666666,3
1097,453.22222222222223,18,3.5,18,884120437.3333334,18
1098,472.8095238095238,42,3.6904761904761907,42,883359969.8333334,42
1099,474.15384615384613,13,3.4615384615384617,13,886559788.3076923,13
1100,386.125,8,2.625,8,885005605.875,8
1101,478.18918918918916,74,3.77027027027027,74,884261600.3513514,74
1102,323.14285714285717,7,2.4285714285714284,7,884157718.5714285,7
1103,405.0,19,3.789473684210526,19,883955222.4210526,19
1104,220.5,4,3.0,4,884359804.5,4
1105,525.6666666666666,18,2.8333333333333335,18,888011559.6666666,18
1106,288.25,4,3.0,4,892380499.5,4
1107,466.55555555555554,18,3.0555555555555554,18,883504016.3333334,18
1108,346.4,5,2.4,5,888980386.8,5
1109,468.82142857142856,28,3.4285714285714284,28,881553397.1071428,28
1110,509.2926829268293,41,2.8536585365853657,41,883210992.0731708,41
1111,500.7142857142857,7,3.4285714285714284,7,886305855.2857143,7
1112,518.3333333333334,15,2.8,15,883963942.1333333,15
1113,443.1818181818182,22,3.272727272727273,22,883717461.2727273,22
1114,424.2,10,3.3,10,881300731.2,10
1115,468.6896551724138,29,3.413793103448276,29,883569005.7241379,29
1116,468.0,13,3.6153846153846154,13,885367755.0769231,13
1117,385.57894736842104,19,3.1052631578947367,19,884402497.4736842,19
1118,493.78723404255317,47,3.25531914893617,47,883161416.2553191,47
1119,500.08474576271186,59,3.6610169491525424,59,883342058.7966101,59
1120,501.1764705882353,17,3.0,17,884835301.0,17
1121,520.6190476190476,21,3.761904761904762,21,885848805.1428572,21
1122,60.0,1,5.0,1,883326498.0,1
1123,256.0,3,3.6666666666666665,3,887862421.0,3
1124,561.5833333333334,12,3.8333333333333335,12,882824189.6666666,12
1125,221.25,4,4.25,4,886339202.0,4
1126,462.40625,32,3.34375,32,884939441.1875,32
1127,534.6363636363636,11,2.909090909090909,11,887777786.5454545,11
1128,339.6923076923077,13,2.6923076923076925,13,881763830.3076923,13
1129,467.0,28,3.5714285714285716,28,881908135.6071428,28
1130,62.0,1,4.0,1,879376686.0,1
1131,428.7692307692308,13,4.0,13,882435255.4615384,13
1132,474.90625,32,2.625,32,882467799.84375,32
1133,422.3666666666667,30,2.966666666666667,30,884694524.9333333,30
1134,480.07894736842104,38,3.3157894736842106,38,882154578.3157895,38
1135,478.4782608695652,46,2.9782608695652173,46,883358999.673913,46
1136,430.9655172413793,29,3.4827586206896552,29,882840439.8965517,29
1137,423.3448275862069,29,3.9655172413793105,29,883595017.7586207,29
1138,491.0,5,3.4,5,887896464.8,5
1139,489.6060606060606,33,2.606060606060606,33,883484257.4545455,33
1140,459.70588235294116,17,2.2941176470588234,17,883985547.5294118,17
1141,371.77777777777777,9,3.3333333333333335,9,883688248.2222222,9
1142,443.90909090909093,44,4.045454545454546,44,882462188.1818181,44
1143,535.6,15,4.0,15,884610847.8,15
1144,502.0,3,3.6666666666666665,3,887366804.6666666,3
1145,330.6666666666667,9,2.6666666666666665,9,879749904.3333334,9
1146,372.3333333333333,3,2.0,3,885422794.6666666,3
1147,364.85714285714283,21,3.6666666666666665,21,883687194.0,21
1148,398.55555555555554,9,3.3333333333333335,9,883345736.8888888,9
1149,544.2307692307693,26,3.8461538461538463,26,885268992.2307693,26
1150,321.44444444444446,9,3.111111111111111,9,882943071.0,9
1151,369.42857142857144,7,2.142857142857143,7,881454617.4285715,7
1152,553.8214285714286,28,3.4285714285714284,28,882882508.75,28
1153,472.10526315789474,19,3.473684210526316,19,884151834.3157895,19
1154,406.8333333333333,12,3.3333333333333335,12,884455401.9166666,12
1155,438.6666666666667,3,3.3333333333333335,3,887122375.3333334,3
1156,76.0,1,3.0,1,879576233.0,1
1157,465.68,25,2.88,25,882214645.96,25
1158,425.25,4,4.0,4,883684542.0,4
1159,488.72727272727275,11,3.5454545454545454,11,885061260.2727273,11
1160,460.0,26,3.6153846153846154,26,883664611.4615384,26
1161,384.38461538461536,13,2.923076923076923,13,883473576.6923077,13
1162,341.6,5,1.6,5,880928122.8,5
1163,549.6,25,2.68,25,882846492.0,25
1164,532.8333333333334,6,2.1666666666666665,6,877533755.0,6
1165,495.5,14,1.8571428571428572,14,884589777.6428572,14
1166,406.8333333333333,12,3.1666666666666665,12,883888185.5833334,12
1167,489.1818181818182,11,3.5454545454545454,11,883040186.6363636,11
1168,408.5,22,3.3181818181818183,22,885349681.9545455,22
1169,294.7,10,4.1,10,886676321.8,10
1170,465.037037037037,27,3.074074074074074,27,883500189.1481482,27
1171,558.7857142857143,14,3.142857142857143,14,882976950.2857143,14
1172,478.6666666666667,15,3.6666666666666665,15,885228999.6,15
1173,555.4285714285714,7,2.5714285714285716,7,884732791.4285715,7
1174,420.0,8,3.25,8,881120880.25,8
1175,235.6,5,3.4,5,884128861.0,5
1176,517.2272727272727,22,3.3636363636363638,22,885738978.6363636,22
1177,532.0,7,1.8571428571428572,7,881803839.5714285,7
1178,469.1578947368421,19,2.473684210526316,19,881632578.4736842,19
1179,427.8888888888889,9,2.111111111111111,9,884871909.4444444,9
1180,377.0,10,2.5,10,884935882.8,10
1181,505.4,10,2.5,10,883180838.1,10
1182,409.0,13,2.3076923076923075,13,884049194.0769231,13
1183,545.7368421052631,19,2.210526315789474,19,882692490.5263158,19
1184,518.9,10,2.5,10,884080403.0,10
1185,488.6666666666667,18,2.2777777777777777,18,884033438.1666666,18
1186,325.3333333333333,3,3.3333333333333335,3,887065710.3333334,3
1187,487.15384615384613,13,3.230769230769231,13,881496542.1538461,13
1188,504.0681818181818,44,2.772727272727273,44,882185537.0681819,44
1189,345.0,3,5.0,3,888537807.3333334,3
1190,549.3636363636364,11,3.3636363636363638,11,883655262.5454545,11
1191,436.6666666666667,3,4.333333333333333,3,891362355.0,3
1192,311.6923076923077,13,3.3846153846153846,13,885367296.4615384,13
1193,440.0,10,3.8,10,887278767.5,10
1194,463.7096774193548,31,4.064516129032258,31,882765204.0,31
1195,502.8181818181818,11,3.272727272727273,11,885567821.6363636,11
1196,524.3333333333334,3,3.0,3,890468138.6666666,3
1197,481.0888888888889,45,3.5555555555555554,45,882535205.9555556,45
1198,333.85714285714283,7,3.142857142857143,7,887294583.0,7
1199,469.4782608695652,23,2.869565217391304,23,882241463.5217391,23
1200,405.85714285714283,7,3.2857142857142856,7,888838525.5714285,7
1201,90.0,1,5.0,1,891383687.0,1
1202,354.75,8,3.5,8,882417912.125,8
1203,491.4761904761905,21,4.0476190476190474,21,885910476.9047619,21
1204,522.0555555555555,18,3.611111111111111,18,884358691.3333334,18
1205,496.0,6,3.0,6,887966369.8333334,6
1206,411.0,19,2.6842105263157894,19,883569876.1052631,19
1207,403.4117647058824,17,2.2941176470588234,17,883263178.7647059,17
1208,433.9,20,2.85,20,882027946.25,20
1209,419.0,15,2.533333333333333,15,881636148.3333334,15
1210,434.8421052631579,38,2.736842105263158,38,882361782.8947369,38
1211,372.9166666666667,12,3.4166666666666665,12,882500266.1666666,12
1212,316.8333333333333,6,2.8333333333333335,6,881688070.0,6
1213,281.3333333333333,6,2.1666666666666665,6,877859692.0,6
1214,553.1111111111111,9,2.0,9,884009411.7777778,9
1215,476.23333333333335,30,1.9333333333333333,30,882960759.7333333,30
1216,370.0,6,3.0,6,883795272.5,6
1217,464.2564102564103,39,2.871794871794872,39,883196149.948718,39
1218,432.53846153846155,26,3.4615384615384617,26,882306607.8461539,26
1219,480.25,20,2.9,20,884572892.9,20
1220,427.96666666666664,30,3.3333333333333335,30,882261811.9333333,30
1221,504.0769230769231,39,3.4871794871794872,39,884508298.5128205,39
1222,461.8,25,2.68,25,883695914.32,25
1223,302.0,4,3.5,4,884590078.5,4
1224,503.5833333333333,12,2.6666666666666665,12,883604697.75,12
1225,436.7857142857143,14,2.642857142857143,14,885502605.0714285,14
1226,477.09375,32,3.375,32,885284264.71875,32
1227,452.125,8,2.375,8,883666919.125,8
1228,475.2083333333333,48,2.4583333333333335,48,883052326.0416666,48
1229,401.38461538461536,13,2.1538461538461537,13,882422383.7692307,13
1230,409.72222222222223,18,1.8333333333333333,18,883169654.9444444,18
1231,512.8181818181819,22,2.5,22,881825598.3181819,22
1232,416.88235294117646,17,2.4705882352941178,17,882784243.882353,17
1233,348.6666666666667,6,3.5,6,884855132.5,6
1234,537.25,8,2.375,8,888796396.0,8
1235,100.0,1,4.0,1,891375454.0,1
1236,100.0,1,3.0,1,891375630.0,1
1237,526.5,6,3.5,6,890185106.1666666,6
1238,493.375,8,3.125,8,887964611.125,8
1239,510.44444444444446,18,2.4444444444444446,18,883056930.8888888,18
1240,574.2307692307693,26,3.6538461538461537,26,884266182.8076923,26
1241,451.0,6,2.6666666666666665,6,888468727.8333334,6
1242,236.4,5,2.6,5,882953742.2,5
1243,552.0,7,3.7142857142857144,7,890994349.1428572,7
1244,489.8888888888889,36,2.9166666666666665,36,882890629.8055556,36
1245,448.6842105263158,19,3.210526315789474,19,882226699.8947369,19
1246,407.0,7,1.5714285714285714,7,883973221.5714285,7
1247,367.6666666666667,6,1.8333333333333333,6,884254359.5,6
1248,472.1578947368421,19,3.0,19,883188429.6842105,19
1249,495.0,12,2.8333333333333335,12,883852063.6666666,12
1250,327.3333333333333,6,1.5,6,883504235.6666666,6
1251,544.0,8,4.125,8,882678655.125,8
1252,467.6666666666667,9,3.0,9,884812121.1111112,9
1253,305.57142857142856,7,2.4285714285714284,7,882004267.5714285,7
1254,578.2727272727273,11,1.8181818181818181,11,883849158.7272727,11
1255,557.75,8,2.25,8,882511084.125,8
1256,517.6666666666666,3,2.0,3,885126369.0,3
1257,565.0,4,1.75,4,883861939.0,4
1258,479.69565217391306,23,2.5217391304347827,23,883918189.0434783,23
1259,452.25,4,2.0,4,881947299.25,4
1260,396.25,4,2.75,4,880067733.5,4
1261,358.0,4,3.25,4,882299526.0,4
1262,480.125,8,3.625,8,884979173.0,8
1263,410.2,15,2.933333333333333,15,883264212.3333334,15
1264,392.0,7,3.2857142857142856,7,886060689.0,7
1265,464.5263157894737,19,3.0526315789473686,19,884958964.3684211,19
1266,515.9166666666666,12,3.1666666666666665,12,887819406.6666666,12
1267,499.7878787878788,33,3.0,33,882728158.3939394,33
1268,523.1,10,3.3,10,883736254.1,10
1269,524.1,10,3.9,10,883723222.5,10
1270,463.0,7,2.2857142857142856,7,884809314.7142857,7
1271,422.85714285714283,7,2.7142857142857144,7,883605351.4285715,7
1272,352.0,5,1.8,5,878723077.0,5
1273,481.26666666666665,15,2.7333333333333334,15,880881611.7333333,15
1274,546.1818181818181,11,1.7272727272727273,11,881689002.2727273,11
1275,464.5,4,2.5,4,882736121.0,4
1276,512.25,8,2.5,8,880792586.75,8
1277,558.6315789473684,19,3.4210526315789473,19,879985409.1052631,19
1278,569.8125,16,3.625,16,883060025.8125,16
1279,606.4444444444445,9,2.888888888888889,9,882706882.6666666,9
1280,497.5625,16,2.6875,16,885496460.0625,16
1281,520.3076923076923,13,3.1538461538461537,13,884615653.0769231,13
1282,450.55555555555554,9,3.2222222222222223,9,882488758.5555556,9
1283,514.0,19,2.6842105263157894,19,883812115.7368422,19
1284,617.9615384615385,26,2.8461538461538463,26,881771287.9615384,26
1285,606.2666666666667,15,3.1333333333333333,15,885327499.8,15
1286,413.4117647058824,17,3.7058823529411766,17,882960353.9411764,17
1287,583.5,6,1.3333333333333333,6,880711664.0,6
1288,406.57142857142856,7,3.0,7,884957323.1428572,7
1289,376.0,7,2.142857142857143,7,880727073.1428572,7
1290,275.0,2,1.5,2,880409555.5,2
1291,462.4,15,2.2,15,881627575.6,15
1292,561.6666666666666,3,1.6666666666666667,3,882481311.0,3
1293,384.6666666666667,3,5.0,3,888718283.6666666,3
1294,566.7142857142857,7,3.142857142857143,7,890860826.7142857,7
1295,474.85714285714283,7,2.5714285714285716,7,880410692.7142857,7
1296,515.4,20,3.25,20,883730079.1,20
1297,457.4166666666667,12,2.8333333333333335,12,884632703.5833334,12
1298,445.44444444444446,9,3.6666666666666665,9,886333515.0,9
1299,575.0,8,3.0,8,885827960.75,8
1300,383.77777777777777,9,2.3333333333333335,9,886115152.1111112,9
1301,376.0,5,3.8,5,884413621.4,5
1302,421.0,5,3.4,5,882149742.0,5
1303,562.2222222222222,18,2.3333333333333335,18,883984386.2222222,18
1304,359.0,2,2.5,2,892761109.5,2
1305,504.2857142857143,7,2.4285714285714284,7,885288049.1428572,7
1306,286.0,2,3.0,2,889142457.0,2
1307,286.0,2,1.5,2,889142403.0,2
1308,286.0,2,1.0,2,889142321.5,2
1309,167.0,1,1.0,1,892738341.0,1
1310,167.0,1,3.0,1,892738384.0,1
1311,571.625,16,2.5,16,885339500.125,16
1312,409.14285714285717,7,3.0,7,886969175.1428572,7
1313,458.35714285714283,14,3.142857142857143,14,890210409.5,14
1314,424.3636363636364,11,2.4545454545454546,11,882960636.4545455,11
1315,546.6086956521739,23,3.130434782608696,23,883409210.8695652,23
1316,410.2857142857143,7,2.7142857142857144,7,887020977.1428572,7
1317,502.5,4,2.0,4,880832921.75,4
1318,345.0,3,1.3333333333333333,3,881490570.3333334,3
1319,503.25,4,1.75,4,885070636.75,4
1320,181.0,1,1.0,1,878962279.0,1
1321,230.0,2,2.5,2,883884435.5,2
1322,460.6666666666667,6,2.3333333333333335,6,881676300.8333334,6
1323,567.3333333333334,3,2.6666666666666665,3,885693329.3333334,3
1324,537.2,5,2.4,5,881944990.0,5
1325,181.0,1,1.0,1,878962816.0,1
1326,515.5,6,3.3333333333333335,6,881900250.8333334,6
1327,459.3333333333333,3,2.3333333333333335,3,882088265.3333334,3
1328,403.3333333333333,6,3.1666666666666665,6,882266488.1666666,6
1329,181.0,1,1.0,1,878962240.0,1
1330,392.25,4,2.5,4,884798239.0,4
1331,324.75,4,3.0,4,878959096.75,4
1332,210.0,2,2.0,2,884071583.0,2
1333,353.6,5,2.8,5,881059105.6,5
1334,293.0,2,1.0,2,882256014.5,2
1335,632.9090909090909,11,2.6363636363636362,11,880741217.3636364,11
1336,375.9,10,1.8,10,879966847.1,10
1337,541.2222222222222,9,2.3333333333333335,9,879571207.3333334,9
1338,444.25,4,2.25,4,882611007.75,4
1339,181.0,1,1.0,1,878962086.0,1
1340,181.0,1,1.0,1,878962240.0,1
1341,181.0,1,1.0,1,878962169.0,1
1342,421.5,2,2.5,2,879766140.0,2
1343,181.0,1,1.0,1,878962199.0,1
1344,598.8,5,3.2,5,885490474.4,5
1345,526.0,2,2.0,2,883577652.0,2
1346,343.4,5,2.4,5,882133233.4,5
1347,404.0,4,2.75,4,884707671.0,4
1348,181.0,1,1.0,1,878962200.0,1
1349,181.0,1,1.0,1,878962278.0,1
1350,194.0,2,1.5,2,878420446.0,2
1351,577.3333333333334,3,2.0,3,885035702.0,3
1352,181.0,1,1.0,1,878962240.0,1
1353,477.0,5,2.6,5,879725955.6,5
1354,190.0,2,1.0,2,881372724.0,2
1355,421.6666666666667,6,2.6666666666666665,6,882584581.1666666,6
1356,476.0,3,2.6666666666666665,3,882999392.6666666,3
1357,340.6666666666667,3,2.6666666666666665,3,879885447.0,3
1358,234.5,2,3.0,2,882927180.5,2
1359,293.0,2,1.0,2,882255995.0,2
1360,295.0,2,1.5,2,880034103.0,2
1361,243.0,3,2.6666666666666665,3,882890618.3333334,3
1362,366.5,2,2.0,2,879092449.0,2
1363,181.0,1,1.0,1,878962279.0,1
1364,181.0,1,1.0,1,878962464.0,1
1365,487.0,2,1.5,2,877033902.0,2
1366,181.0,1,1.0,1,878962200.0,1
1367,473.8,5,4.2,5,881596100.2,5
1368,535.8333333333334,6,3.6666666666666665,6,881695614.5,6
1369,327.5,4,2.75,4,883069208.25,4
1370,590.6666666666666,3,2.6666666666666665,3,885561127.3333334,3
1371,287.5,2,1.5,2,879924393.0,2
1372,273.0,3,3.0,3,884212514.0,3
1373,181.0,1,1.0,1,878962052.0,1
1374,409.0,2,1.0,2,880932919.0,2
1375,573.4,10,3.6,10,882676549.7,10
1376,524.7142857142857,7,2.142857142857143,7,883025196.0,7
1377,543.0,4,3.25,4,884584597.0,4
1378,454.0,5,2.2,5,885412637.6,5
1379,529.4285714285714,7,2.857142857142857,7,882557684.8571428,7
1380,578.8333333333334,6,2.3333333333333335,6,883484641.5,6
1381,599.0,8,3.25,8,881427891.5,8
1382,559.25,4,2.0,4,885126067.0,4
1383,542.5,6,2.0,6,883991647.3333334,6
1384,456.0,3,1.6666666666666667,3,885337302.6666666,3
1385,504.0,5,2.8,5,884308894.6,5
1386,577.8333333333334,6,2.6666666666666665,6,881425929.0,6
1387,456.0,3,2.0,3,885337047.3333334,3
1388,617.5,6,3.3333333333333335,6,886008283.0,6
1389,621.3333333333334,3,3.0,3,882529733.0,3
1390,481.5,2,2.0,2,885231040.0,2
1391,456.0,3,2.0,3,885337341.0,3
1392,423.4,5,2.0,5,879140657.2,5
1393,481.77777777777777,9,2.111111111111111,9,880500743.2222222,9
1394,507.2857142857143,7,2.4285714285714284,7,884860339.0,7
1395,533.0,6,2.3333333333333335,6,885738488.5,6
1396,408.2,5,4.2,5,886836432.6,5
1397,465.2,5,3.2,5,890247219.6,5
1398,192.5,2,4.5,2,887025914.0,2
1399,527.5714285714286,7,2.4285714285714284,7,887885859.1428572,7
1400,496.6,10,3.1,10,886894498.7,10
1401,417.6111111111111,18,3.2222222222222223,18,885808493.7777778,18
1402,448.75,4,2.75,4,886719727.5,4
1403,547.5,4,2.75,4,885089801.5,4
1404,454.3076923076923,13,3.230769230769231,13,886903471.4615384,13
1405,495.5,6,3.3333333333333335,6,884947119.5,6
1406,656.0,5,3.4,5,887012838.8,5
1407,455.85,20,2.25,20,883259291.55,20
1408,407.0,3,1.0,3,882592427.6666666,3
1409,524.4285714285714,7,2.857142857142857,7,886672670.4285715,7
1410,453.75,4,2.75,4,881953735.5,4
1411,510.92857142857144,28,2.5714285714285716,28,884443278.0714285,28
1412,626.0,6,1.6666666666666667,6,882908337.3333334,6
1413,518.625,8,2.75,8,881020007.625,8
1414,195.0,1,2.0,1,874825826.0,1
1415,597.5555555555555,9,2.4444444444444446,9,884377814.2222222,9
1416,371.2,5,2.4,5,879141342.6,5
1417,488.5,2,2.5,2,884373376.5,2
1418,426.3333333333333,3,3.6666666666666665,3,887540853.0,3
1419,500.9375,16,2.125,16,885944289.75,16
1420,366.3333333333333,3,1.3333333333333333,3,889580772.6666666,3
1421,468.72727272727275,11,3.1818181818181817,11,884915762.7272727,11
1422,494.75,4,2.25,4,882022494.25,4
1423,595.5,4,2.25,4,884255946.5,4
1424,287.3333333333333,3,2.3333333333333335,3,883941635.0,3
1425,558.8,10,2.6,10,884020962.3,10
1426,398.625,8,3.25,8,883959601.0,8
1427,500.4,5,2.8,5,885030090.4,5
1428,519.5,12,3.6666666666666665,12,883323898.8333334,12
1429,426.25,4,2.75,4,885010218.25,4
1430,530.6666666666666,3,2.3333333333333335,3,888010442.6666666,3
1431,678.4,5,3.4,5,888274015.0,5
1432,445.0,3,1.0,3,885829410.6666666,3
1433,496.5,2,2.0,2,888579615.0,2
1434,635.8,10,2.5,10,887183785.6,10
1435,488.2857142857143,7,2.5714285714285716,7,882774411.2857143,7
1436,431.0,2,2.5,2,883333126.5,2
1437,512.8888888888889,9,2.0,9,884409266.5555556,9
1438,340.6,5,2.4,5,884154830.6,5
1439,451.875,8,3.0,8,885798008.625,8
1440,506.6,5,3.0,5,883865724.4,5
1441,418.7142857142857,7,2.5714285714285716,7,884599645.1428572,7
1442,479.0,5,2.4,5,884551464.0,5
1443,364.75,4,3.75,4,885514925.75,4
1444,487.6842105263158,19,2.473684210526316,19,884149245.6315789,19
1445,457.75,4,2.75,4,887835434.0,4
1446,580.8,15,3.1333333333333333,15,883163031.2,15
1447,234.0,1,3.0,1,892336119.0,1
1448,590.6666666666666,3,3.6666666666666665,3,890517993.6666666,3
1449,552.5,8,4.625,8,887437519.375,8
1450,316.0,2,4.0,2,884026465.0,2
1451,539.2666666666667,15,3.8666666666666667,15,885990950.4,15
1452,234.0,1,4.0,1,892335342.0,1
1453,234.0,1,2.0,1,892335415.0,1
1454,623.3333333333334,6,3.0,6,889083330.8333334,6
1455,464.0,2,2.5,2,884022609.5,2
1456,490.7142857142857,7,3.7142857142857144,7,887209290.5714285,7
1457,234.0,1,3.0,1,892079538.0,1
1458,234.0,1,4.0,1,892336165.0,1
1459,429.14285714285717,7,3.5714285714285716,7,884488645.7142857,7
1460,234.0,1,3.0,1,892335460.0,1
1461,234.0,1,2.0,1,892078297.0,1
1462,590.8571428571429,7,3.7142857142857144,7,886270907.4285715,7
1463,610.3333333333334,3,3.3333333333333335,3,889650402.6666666,3
1464,355.0,3,2.3333333333333335,3,888516139.3333334,3
1465,512.3333333333334,3,2.3333333333333335,3,886233402.0,3
1466,511.8333333333333,6,4.0,6,888062323.0,6
1467,565.0,2,5.0,2,878319770.0,2
1468,497.5,6,3.3333333333333335,6,887373665.3333334,6
1469,499.0833333333333,12,3.1666666666666665,12,882876528.5,12
1470,383.0,5,2.6,5,888903432.4,5
1471,418.3333333333333,9,2.4444444444444446,9,880744459.2222222,9
1472,390.0,2,3.5,2,882099033.5,2
1473,519.7777777777778,9,3.5555555555555554,9,884095166.0,9
1474,560.6666666666666,6,2.8333333333333335,6,883438279.1666666,6
1475,516.625,8,2.875,8,887052641.125,8
1476,268.0,1,2.0,1,876513897.0,1
1477,525.0,2,2.5,2,883621012.0,2
1478,523.5,18,2.7222222222222223,18,884619777.8888888,18
1479,490.375,8,2.75,8,886644526.5,8
1480,578.9090909090909,11,2.272727272727273,11,881977363.0909091,11
1481,277.5,2,3.0,2,876624185.5,2
1482,276.0,1,4.0,1,874791383.0,1
1483,542.5833333333334,12,3.4166666666666665,12,892590376.8333334,12
1484,359.3333333333333,3,2.6666666666666665,3,880638298.6666666,3
1485,383.0,4,3.5,4,886841330.75,4
1486,279.0,1,1.0,1,875314076.0,1
1487,436.2,5,2.0,5,882364324.8,5
1488,518.25,4,3.0,4,882984026.0,4
1489,539.2,5,2.2,5,881909179.2,5
1490,461.3333333333333,3,3.0,3,881733222.6666666,3
1491,475.0,2,3.0,2,887242770.0,2
1492,279.0,1,4.0,1,888430806.0,1
1493,279.0,1,1.0,1,888465068.0,1
1494,279.0,1,1.0,1,889232401.0,1
1495,388.2,5,3.6,5,885840394.6,5
1496,582.8,5,2.8,5,877895092.8,5
1497,513.0,2,3.0,2,889756557.0,2
1498,279.0,1,4.0,1,891208884.0,1
1499,431.0,4,3.25,4,886433384.75,4
1500,530.0,2,5.0,2,877470354.5,2
1501,634.2,5,3.0,5,886484422.4,5
1502,409.0,2,1.5,2,876165949.5,2
1503,521.9,10,3.1,10,882187516.7,10
1504,353.3333333333333,3,3.6666666666666665,3,886887615.6666666,3
1505,291.0,1,4.0,1,874868647.0,1
1506,446.3333333333333,3,3.6666666666666665,3,881688052.3333334,3
1507,299.0,1,3.0,1,877881170.0,1
1508,465.0,3,2.3333333333333335,3,885828537.0,3
1509,603.2,5,1.6,5,880744980.8,5
1510,303.0,1,3.0,1,879485659.0,1
1511,579.4,5,3.2,5,887098573.6,5
1512,525.8333333333334,6,4.0,6,887877331.6666666,6
1513,487.0,3,2.0,3,887260964.6666666,3
1514,649.4285714285714,7,3.142857142857143,7,883629490.0,7
1515,308.0,1,4.0,1,887738346.0,1
1516,461.0,3,4.0,3,890795504.3333334,3
1517,502.0,5,2.8,5,881195795.0,5
1518,561.8333333333334,12,3.0,12,883540809.1666666,12
1519,359.5,2,3.0,2,881719379.0,2
1520,314.0,1,3.0,1,877892052.0,1
1521,415.5,4,3.0,4,887286930.75,4
1522,578.5714285714286,7,2.4285714285714284,7,885964458.7142857,7
1523,351.5,2,3.0,2,885906285.5,2
1524,448.75,8,4.25,8,884346168.0,8
1525,334.0,1,4.0,1,893074672.0,1
1526,339.0,1,4.0,1,891035116.0,1
1527,635.8571428571429,7,2.4285714285714284,7,890379923.5714285,7
1528,523.0,3,2.3333333333333335,3,886006172.3333334,3
1529,550.4,5,2.8,5,887731439.0,5
1530,544.0,5,2.0,5,882596083.4,5
1531,593.7142857142857,7,3.2857142857142856,7,884466366.8571428,7
1532,518.0,2,2.0,2,890086915.0,2
1533,381.0,1,4.0,1,892696106.0,1
1534,526.5,6,2.1666666666666665,6,882272584.5,6
1535,507.5,4,3.0,4,885927942.0,4
1536,385.0,1,5.0,1,879441339.0,1
1537,599.25,4,4.0,4,885775003.5,4
1538,608.0,3,3.0,3,888468919.3333334,3
1539,503.25,4,1.75,4,882776140.5,4
1540,660.8,10,2.8,10,881537080.3,10
1541,404.0,2,3.5,2,881809049.5,2
1542,447.0,2,3.0,2,885493117.5,2
1543,399.0,1,3.0,1,882509891.0,1
1544,636.0,3,2.6666666666666665,3,881538570.3333334,3
1545,585.0,4,2.5,4,883368483.5,4
1546,405.0,1,1.0,1,885549408.0,1
1547,430.5,2,3.0,2,883460118.0,2
1548,405.0,1,1.0,1,885547952.0,1
1549,530.0,2,1.5,2,888567122.5,2
1550,411.0,2,3.0,2,882598199.0,2
1551,430.5,2,2.0,2,883460514.0,2
1552,487.3333333333333,3,2.0,3,884117205.3333334,3
1553,618.25,4,2.75,4,884709691.5,4
1554,530.0,2,3.0,2,886579061.0,2
1555,602.6,5,2.6,5,882313248.2,5
1556,482.0,2,2.0,2,888291697.0,2
1557,405.0,1,1.0,1,885547222.0,1
1558,595.8571428571429,7,3.5714285714285716,7,884800977.0,7
1559,405.0,1,1.0,1,885546577.0,1
1560,619.5,4,2.75,4,885004964.0,4
1561,405.0,1,1.0,1,885546529.0,1
1562,405.0,1,1.0,1,885549506.0,1
1563,405.0,1,1.0,1,885549635.0,1
1564,405.0,1,1.0,1,885546288.0,1
1565,405.0,1,1.0,1,885549463.0,1
1566,405.0,1,1.0,1,885546248.0,1
1567,405.0,1,1.0,1,885547123.0,1
1568,405.0,1,1.0,1,885547222.0,1
1569,405.0,1,1.0,1,885549505.0,1
1570,405.0,1,1.0,1,885549544.0,1
1571,405.0,1,1.0,1,885549463.0,1
1572,405.0,1,1.0,1,885549635.0,1
1573,668.5,2,2.5,2,888399351.5,2
1574,405.0,1,1.0,1,885546529.0,1
1575,405.0,1,1.0,1,885549407.0,1
1576,405.0,1,1.0,1,885549464.0,1
1577,405.0,1,1.0,1,885549506.0,1
1578,530.0,2,2.0,2,886600128.5,2
1579,405.0,1,1.0,1,885549408.0,1
1580,405.0,1,1.0,1,885549543.0,1
1581,405.0,1,1.0,1,885548579.0,1
1582,405.0,1,1.0,1,885548670.0,1
1583,405.0,1,1.0,1,885549543.0,1
1584,405.0,1,1.0,1,885549407.0,1
1585,530.0,2,2.5,2,886534945.0,2
1586,405.0,1,1.0,1,885549464.0,1
1587,405.0,1,1.0,1,885546529.0,1
1588,593.5,2,2.0,2,888524928.0,2
1589,640.5,4,3.0,4,884275376.75,4
1590,593.5,2,2.0,2,888524908.5,2
1591,569.3333333333334,6,3.1666666666666665,6,887833501.6666666,6
1592,709.2,5,3.6,5,887074220.6,5
1593,409.0,1,4.0,1,881108971.0,1
1594,474.0,2,4.5,2,893164030.0,2
1595,425.0,1,2.0,1,878738757.0,1
1596,425.0,1,2.0,1,878738695.0,1
1597,734.6,5,3.0,5,881976540.0,5
1598,576.8333333333334,6,2.5,6,884675094.3333334,6
1599,437.0,1,5.0,1,880142614.0,1
1600,597.5,4,3.75,4,884647727.25,4
1601,445.0,1,1.0,1,891199533.0,1
1602,654.3333333333334,3,3.3333333333333335,3,892238443.0,3
1603,450.0,1,3.0,1,887139728.0,1
1604,456.0,1,4.0,1,881372849.0,1
1605,700.25,4,3.0,4,883675257.75,4
1606,463.0,1,2.0,1,889936565.0,1
1607,661.3333333333334,3,3.3333333333333335,3,889113892.0,3
1608,658.5,4,2.25,4,886459626.25,4
1609,620.0,3,1.6666666666666667,3,884661119.0,3
1610,637.3333333333334,3,2.0,3,886817385.3333334,3
1611,634.0,2,3.0,2,885687379.0,2
1612,636.25,4,3.75,4,885676308.75,4
1613,489.0,1,4.0,1,891449466.0,1
1614,496.0,1,3.0,1,876070690.0,1
1615,717.8,10,3.0,10,884836107.2,10
1616,500.0,1,4.0,1,883875501.0,1
1617,621.5,2,3.0,2,883503902.5,2
1618,528.0,1,1.0,1,888521905.0,1
1619,543.0,1,3.0,1,874865635.0,1
1620,692.0,9,3.2222222222222223,9,884104735.5555556,9
1621,551.0,1,1.0,1,892785194.0,1
1622,763.0,3,2.3333333333333335,3,889745278.0,3
1623,610.6666666666666,3,4.0,3,887222816.6666666,3
1624,587.0,1,2.0,1,892871752.0,1
1625,587.0,1,4.0,1,892871732.0,1
1626,648.0,1,1.0,1,884795447.0,1
1627,650.0,1,3.0,1,891383786.0,1
1628,717.5,4,3.75,4,884933036.0,4
1629,730.0,2,4.0,2,884565386.5,2
1630,655.0,1,3.0,1,887428735.0,1
1631,701.0,2,3.5,2,888662345.5,2
1632,655.0,1,3.0,1,888685759.0,1
1633,655.0,1,3.0,1,889331315.0,1
1634,655.0,1,2.0,1,888474019.0,1
1635,655.0,1,3.0,1,887432079.0,1
1636,655.0,1,4.0,1,887473570.0,1
1637,655.0,1,3.0,1,888984255.0,1
1638,655.0,1,3.0,1,887488947.0,1
1639,804.3333333333334,3,4.333333333333333,3,890283167.0,3
1640,655.0,1,3.0,1,888474646.0,1
1641,655.0,1,3.0,1,887427810.0,1
1642,681.0,2,4.5,2,887380712.5,2
1643,759.25,4,3.75,4,883847118.5,4
1644,718.5,2,1.5,2,889987218.5,2
1645,655.0,1,4.0,1,892871225.0,1
1646,741.5,2,3.5,2,892549850.5,2
1647,655.0,1,3.0,1,891817435.0,1
1648,655.0,1,2.0,1,891817435.0,1
1649,655.0,1,3.0,1,892333993.0,1
1650,655.0,1,4.0,1,892871225.0,1
1651,655.0,1,4.0,1,891913500.0,1
1652,733.3333333333334,3,1.6666666666666667,3,882299779.0,3
1653,675.0,1,5.0,1,889489913.0,1
1654,676.0,1,1.0,1,892685960.0,1
1655,682.0,1,2.0,1,888517922.0,1
1656,798.0,2,3.5,2,890287126.5,2
1657,727.0,1,3.0,1,883711991.0,1
1658,803.0,3,3.0,3,884480049.0,3
1659,747.0,1,1.0,1,888733313.0,1
1660,747.0,1,2.0,1,888640731.0,1
1661,751.0,1,1.0,1,889299429.0,1
1662,772.0,2,2.5,2,885109717.0,2
1663,782.0,1,2.0,1,891499700.0,1
1664,842.75,4,3.25,4,887567180.5,4
1665,782.0,1,2.0,1,891500194.0,1
1666,782.0,1,2.0,1,891500194.0,1
1667,782.0,1,3.0,1,891500110.0,1
1668,782.0,1,3.0,1,891500067.0,1
1669,782.0,1,2.0,1,891500150.0,1
1670,782.0,1,3.0,1,891497793.0,1
1671,787.0,1,1.0,1,888980193.0,1
1672,862.0,2,2.0,2,889098638.0,2
1673,835.0,1,3.0,1,891034023.0,1
1674,840.0,1,4.0,1,891211682.0,1
1675,851.0,1,3.0,1,884222085.0,1
1676,851.0,1,2.0,1,875731674.0,1
1677,854.0,1,3.0,1,882814368.0,1
1678,863.0,1,1.0,1,889289570.0,1
1679,863.0,1,3.0,1,889289491.0,1
1680,863.0,1,2.0,1,889289570.0,1
1681,896.0,1,3.0,1,887160722.0,1
1682,916.0,1,3.0,1,880845755.0,1
